ManufacturerName,ParentCompany
Janssen Pharmaceutica NV,Janssen
Pharmaline SAL,Pharmaline
Medical Union Pharmaceuticals Company,MUP
Dar Al Dawa Development & Investment Co Ltd,Dar Al Dawa
Mephico SAL,Mephico
Norgine Pharma,Norgine
Doppel Farmaceutici SRL,Doppel
Riyadh Pharma Medical and Cosmetic Products Co Ltd,Riyadh Pharma
Delpharm Gaillard,Delpharm
"GlaxoSmithKline Consumer Healthcare Holdings (US) LLC, Saint Louis",GlaxoSmithKline
Church and Dwight Canada Corp,Church And Dwight Canada
Sanofi SpA,Sanofi
Laleham Health and Beauty Limited,Laleham Health
Dar Al Dawa,Dar Al Dawa
Piramal Healthcare UK Ltd,Piramal
Industria Quimica Farmaceutica Vir SA,VIR
Laboratorios Casasco S.A.I.C.,Casasco
Arafarma Group SA,Arafarma
Algorithm S.A.L.,Algorithm
Pharmadex,Pharmadex
Eipico,EIPICO
European Egyptian Pharmaceutical Industries,EEPI
Normon SA,Normon
RAM Pharmaceutical Industries Co Ltd,RAM Pharma
Laboratorios DR Esteve SA,Esteve
Genepharm SA,Genepharm
Mediphar Laboratories,Mediphar
Benta SAL,Benta
"Remedica Ltd
",Remedica
Julphar,Julphar
Centrum SA,Centrum
Laboratorios Liconsa SA,Liconsa
Anfarm Hellas SA,Anfarm
Les Laboratoires Medis SA,Medis
Swiss Exports PVT - Ltd,Swiss Exports
Sofarimex Ind Quimica E Farmaceutica LDA,Sofarimex
Vianex SA- Plant A,Vianex
Arwan Pharmaceutical Industries Lebanon SAL,Arwan
Tabuk Pharmaceutical Manufacturing Company,Tabuk Pharma
"Kr Ka, d.d, Novo Mesto",KRKA
Saudi Arabian Japanese Pharmaceuticals Co (SAJA Pharmaceuticals),SAJA
Jordan River Pharmaceutical Industries LLC,Jordan River Pharma
The Jordanian Pharmaceutical Manufacturing & Co Ltd,JPM
The Jordanian Pharmaceutical Manufacturing Co. (JPM),JPM
"Sofarimex Industria Quimica E Farmaceutica, SA",Sofarimex
Laboratorio Reig Jofre SA,Reig Jofre
Sanofi Winthrop Industrie,Sanofi
Joswe Medical (Jordan Sweden Medical and Sterilization Co),Joswe
Hayat Pharmaceuticals Industries Co PLC,Hayat Pharma
Middle East Pharmaceutical Co Midpharma,Midpharma
Laborate Pharmaceuticals India Ltd,Laborate Pharmaceuticals India
"Spimaco
",Spimaco
Bushu Pharmaceuticals Ltd,Bushu Pharmaceuticals
Laboratorio Elea Phoenix SA,Laboratorio Elea Phoenix
"Pharmaline under license from Sandoz GmbH, Austria",Sandoz
Laboratorios Alter SA,Laboratorios Alter
Cipla Ltd,Cipla
AstraZeneca AB,AstraZeneca
Apotex Inc,Apotex
Arrow G�n�riques,Arrow
Manufactured by Benta SAL Trademark owner Abbott HealthCare Products BV,Benta
Towa Pharmaceutical Europe SL,Towa Pharmaceutical Europe Sl
Pharma International Co,Pharma International
Hikma Italia SpA,Hikma Italia
"Takeda GmbH, Oranienburg",Takeda
Emcure Pharmaceuticals Ltd,Emcure Pharmaceuticals
Hikma Pharma SAE,Hikma Pharma Sae
Confab Laboratories Inc,Confab Laboratories
Laboratorio Italiano Biochimico Farmaceutico Lisapharma SpA,Laboratorio Italiano Biochimico Farmaceutico Lisapharma
Reckitt Benckiser Healthcare UK,Reckitt Benckiser Healthcare Uk
Reckitt Benckiser Healthcare (UK) Ltd,Reckitt Benckiser Healthcare
ABC Farmaceutici SpA,ABC Farmaceutici
"Pharmaline SAL Licensed by Abbott Healthcare Products BV, The Netherlands",Abbott Healthcare Products
Ital Farmaco SpA,Ital Farmaco
Omega Laboratories Ltd,Omega Laboratories
Berlin Chemie AG,Berlin Chemie
Pharmactive Ilac San. ve Tic. AS,Pharmactive Ilac San. Ve Tic. As
Tilotts Pharma AG,Tilotts Pharma
Pharco Pharmaceuticals,Pharco Pharmaceuticals
Norgine Ltd,Norgine
Macors,Macors
Delpharm Tours,Delpharm Tours
Simed,Simed
Catalent Ontario Limited,Catalent Ontario Limited
Mayoly Spindler,Mayoly Spindler
Alfa Laboratoires S.A.L.,Alfa Laboratories
"Renaudin
",Renaudin
SALFSpA Laboratorio Farmacologico,Salfspa Laboratorio Farmacologico
Aguettant,Laboratoire Aguettant
Delpharm Reims,Delpharm Reims
ICN Polfa Rzeszow SA,Icn Polfa Rzeszow
GlaxoSmithKline Pharmaceuticals SA,Glaxosmithkline Pharmaceuticals
Elerte,Elerte
Mylan EPD G.K,Mylan Epd G.K
Delpharm Dijon,Delpharm Dijon
Medochemie Ltd,Medochemie
Swiss Parenterals Ltd,Swiss Parenterals
Lusomedicamenta Sociedade Tecnica Farmaceutica SA,Lusomedicamenta Sociedade Tecnica Farmaceutica
Anpharm Przedsiebiorstwo Farmaceutyczne SA,Anpharm
Chaoul Pharmaceuticals (Cha-Pha) SAL,Chaoul Pharmaceuticals Sal
"Pharmaline Licensed by Novartis Pharma AG, Switzerland",Novartis Pharma
"Algorithm S.A.L. (Packager and final batch releaser), Pharmathen SA, Greece (Bulk manufacturer)",Algorithm
Laboratorios Lesvi SL,Laboratorios Lesvi Sl
Kleva Pharmaceuticals S.A.,Kleva Pharmaceuticals S.A.
Hikma Farmaceutica,Hikma Farmaceutica
Hikma Farmaceutica (Portugal) SA,Hikma Farmaceutica
Baxter Pharmaceuticals India Private Limited,Baxter
Pharmathen SA,Pharmathen
"Packed by Pharmadex SAL Lebanon under license from APR Applied Pharma Research SA, Switzerland",Pharmadex
Laboratoires Lesvi,Laboratoires Lesvi
Delpharm Milano SRL,Delpharm Milano Srl
Solupharm Pharmazeutische Erzeugnisse GmbH,Solupharm Pharmazeutische Erzeugnisse
Cenexi SAS,Cenexi
Pharbil Waltrop GmbH (a subsidiary of Nextpharma),Pharbil Waltrop
Helsinn Birex Pharmaceuticals Ltd,Helsinn Birex Pharmaceuticals
Rontis Hellas Medical and Pharmaceutical Products SA,Rontis Hellas Medical And Pharmaceutical Products
Dr Falk Pharma GmbH,Dr Falk Pharma
Almac Pharma Services Limited,Almac
S.E.R.P,S.E.R.P
A. Nattermann & Cie GmbH,Nattermann
"Chaoul Pharmaceuticals (cha-pha) SAL, Lebanon (Packing) Manufactured by Fulton Medicinali SpA, Italy",Fulton Medicinali
Vitex Pharmaceuticals PTY Ltd,Vitex Pharmaceuticals Pty
Ferring Pharmaceutical China Co Ltd,Ferring Pharmaceutical China
"Laboratorios SALVAT, SA",Laboratorios Salvat
Casen Recordati,Casen Recordati
Abbott Biologicals BV,Abbott
Beaufour Ipsen Industrie,Beaufour Ipsen Industrie
Beaufour Ipsen Industrie Distributeur: Beaufour Ipsen Pharma,Beaufour Ipsen Pharma
Pharmadex (Packing)  licensed by Orbucell pharma  Canada,Orbucell Pharma Canada
Janssen Cilag SpA,Janssen
Alfasigma SpA,Alfasigma
Astellas Pharma Europe BV,Astellas
Pharmazeutische Fabrik Montavit GesmbH,Pharmazeutische Fabrik Montavit Gesmbh
Grimberg,Grimberg
F. Trenka Chem.- Pharm. Fabrik GmbH,F. Trenka Chem.- Pharm. Fabrik
"Algorithm S.A.L. (Packager) under license from Ipsen Consumer HealthCare, France",Ipsen Consumer Healthcare
Catalent UK Swindon Zydis Ltd,Catalent Uk Swindon Zydis
Recipharm Fontaine SAS,Recipharm Fontaine
Cosmo SpA,Cosmo
Haupt Pharma Wulfing GmbH,Haupt Pharma Wulfing
Faes Farma SA,Faes Farma
Ferring International Center SA,Ferring International Center
Laboratorios Victoria SA,Laboratorios Victoria
"Tillots Pharma AG Haupstrasse 27, 4417 Zeifen",Tillots Pharma Haupstrasse 27
"Ferring - Leciva, AS",Ferring - Leciva
Adare Pharmaceuticals SAS,Adare
Biocodex,Biocodex
Ardeypharm GmbH,Ardeypharm
Laboratorio Farmaceutico (SIT) Specialita Igienico Terapeutiche S.r.l.,Laboratorio Farmaceutico Specialita Igienico Terapeutiche S.R.L.
Sophartex,Sophartex
Laboratoires BTT,Laboratoires Btt
Holsten Pharma GmbH,Holsten Pharma
"KVK-TECH, Inc.",Kvk-Tech
"Algorithm S.A.L. under license from Orexigen Therapeutics Ireland limited, Dublin 2, Ireland",Orexigen Therapeutics Ireland Limited
Hikma Pharmaceuticals,Hikma Pharmaceuticals
EVA Pharma for Pharmaceuticals and Medical Appliances,Pharmaceuticals And Medical Appliances
The United Pharmaceutical Manufacturing Co Ltd,The United Pharmaceutical Manufacturing
Abbott Laboratories GmbH,Abbott
Novo Nordisk AS,Novo Nordisk As
"Novo Nordisk Production SAS, Chartres",Novo Nordisk Production
Eli Lilly & Co,Eli Lilly
Lilly France SAS,Lilly France
"Manufactured by Gan & Lee Pharmaceuticals, China for Benta SAL",Benta
Novo Nordisk Produ�ao Farmac�utica Do Brazil Ltda,Novo Nordisk Produ�ao Farmac�utica Do Brazil Ltda
Sanofi Aventis Deutschland GmbH,Sanofi
Lilly France,Lilly France
APL Swift Services (Malta) Limited,APL Swift
"Pharmaline Licensed by Merck Sant� SAS, France",Merck Sant�
Pharmadex licensed by Orbucell pharma  Canada,Orbucell Pharma Canada
A. Menarini Manufacturing Logistics and Services SRL,Menarini
Les Laboratoires Servier Industrie,Les Laboratoires Servier Industrie
"Takeda Pharmaceutical Company Ltd, Osaka",Takeda
"Patheon Puerto Rico Inc, Manati",Patheon Puerto Rico
"Sunshine Lake Pharma, China Packed by Pharmadex Lebanon under License from HEC Pharm GmbH, Germany",Pharmadex Lebanon
MSD International GmbH (Puerto Rico Branch) LLC,Msd International
"Novartis Pharma Produktions GmbH, Wehr",Novartis Pharma Produktions
Takeda Pharmaceutical Company Ltd,Takeda
"The Arab Pharmaceutical Manufacturing PSC, Sult under license from Takeda Pharmaceuticals International AG, Switzerland ",Takeda
AstraZeneca Pharmaceuticals LP,AstraZeneca
Boehringer Ingelheim Ellas A.E.,Boehringer Ingelheim
Dragenopharm Apotheker Puschl GmbH,Dragenopharm Apotheker Puschl
Takeda GmbH,Takeda
Boehringer Ingelheim Pharma GmbH & Co KG,Boehringer Ingelheim
MSD International GmbH (Puerto Rico Branch) LLC,Msd International
Schering Plough Labo NV,Schering Plough Labo
Bayer AG,Bayer
The Arab Pharmaceutical Manufacturing PSC (APM) under license from Takeda Pharmaceutical company Ltd Japan,Takeda
MSD Ltd,Msd
Novartis Farmaceutica SA,Novartis
Takeda Ireland Ltd,Takeda Ireland
West-Ward Columbus Inc.,West-Ward Columbus .
Eli Lilly and Company Indianapolis,Eli Lilly
Pfizer Manufacturing Deutschland GmbH,Pfizer Manufacturing Deutschland
Rosmarine manf Co Ltd,Rosmarine Manf
Soho Flordis International Switzerland SA,Soho Flordis International Switzerland
Merz Pharma GmbH & Co KGaA,Merz Pharma & Kgaa
Fresenius Kabi AB,Fresenius
Cenexi,Cenexi
Leo Pharma A/S,Leo Pharma A/S
Packed by Pharmadex SAL under license from Orbucell Canada,Pharmadex
Olds Soft Gels Inc,Olds Soft Gels
Eckhart Corporation,Eckhart Corporation
"Manufactured by Lambo Laboratoria NV, Belgium For Benta SAL, Lebanon On Behalf of Laboratoire Surveal, Belgium",Benta
Fratum Pharma Inc,Fratum Pharma
Pharmatis,Pharmatis
SMB Technology SA,Smb Technology
Abiogen Pharma SpA,Abiogen
HC Clover Productos Y Servicios,Hc Clover Productos Y Servicios
"Pharmaline Licensed by P&G Health Germany GmbH, Germany",P&G Health Germany
GL Pharma GmbH,Gl Pharma
Acino Pharma AG,Acino
Pharmaceuticals Lagap SA,Pharmaceuticals Lagap
Lagap SA,Lagap
Packed by Pharmadex SAL Lebanon under license from Orbucell pharma Canada,Pharmadex
Galenique Vernin,Galenique Vernin
Pharmaceutical Solutions Industry,Pharmaceutical Solutions Industry
Pf Consumer Healthcare Canada ULC,Pf Consumer Healthcare Canada Ulc
Bouchara Recordati,Bouchara Recordati
Pharmalab 1982 Inc,Pharmalab 1982
Klocke Pharma Service GmbH,Klocke Pharma Service
Chinoin Pharmaceutical and Chemical Works Private Co Ltd,Chinoin Pharmaceutical And Chemical Works Private
Chinoin Private Co Ltd,Chinoin Private
Meda Manufacturing,Meda Manufacturing
"Bial- Portela & Ca, SA",Bial- Portela & Ca
Faes Pharma SA,Faes Pharma
Rowa Wagner GmbH & Co KG,Rowa Wagner &
Waymade Plc,Waymade
Genzyme Ireland Ltd,Genzyme Ireland
Euroapi UK Limited,Euroapi Uk Limited
Fresenius medical Care  Deutschland GmbH,Fresenius Medical Care Deutschland
Panpharma GmbH,Panpharma
Rovi Contract Manufacturing S.L.,Rovi Contract Manufacturing S.L.
Les Laboratoires Medis,Medis
Mipharm SpA,Mipharm
Sanofi SRL,Sanofi Srl
Midpharma,Midpharma
Ranbaxy Laboratories Ltd,Sun Pharma
"Pharmadex under license from Pharmathen SA, Greece",Pharmathen
"Adamed Pharma S.A. Ksawerow, Poland  for Arwan Pharmaceutical Industries Lebanon SAL ",Arwan
Industria Quimica Y Farmaceutica Vir SA,Industria Quimica Y Farmaceutica Vir
Quimica Montpellier SA,Quimica Montpellier
Chanelle Medical,Chanelle Medical
LNK International Inc,Lnk International
Bayer Bitterfeld GmbH,Bayer
Algorithm S.A.L. under license from Cardiome International AG USA,Cardiome International Ag Usa
"Pharmadex under license from Effectus Ilac Limited, Turkey",Effectus Ilac Limited
J. Uriach & Cia SA,Uriach
Excella GmbH & Co KG,Excella &
"Algorithm S.A.L. (Packager and final batch releaser), S.C. Labormed-Pharma SA, Romania or Saneca Pharmaceuticals a.s, Slovak Republic (Bulk mamufacturer)",Algorithm
"Algorithm S.A.L. (Packager and final batch releaser), Macleods Pharmaceuticals Limited, India (Bulk mamufacturer)",Algorithm
Aspen Notre Dame de Bondeville,Aspen
Octapharma AB,Octapharma
"Packed by Benta SAL Lebanon under license from CSL Behring GmbH, Germany",Benta
CSL Behring GmbH,Csl Behring
Baxter AG,Baxter
Octapharma Pharmazeutika  Produktions GesmbH,Octapharma
Baxalta Belgium Manufacturing SA,Takeda
Wyeth Farma SA,Wyeth Farma
"Manufactured by Generium CJSC, Russia for Benta SAL",Benta
Takeda Manufacturing Austria AG,Takeda Manufacturing Austria
Wyeth Pharma SA,Wyeth Pharma
Aryogen Pharmed,Aryogen
OM Pharma SA,Om Pharma
Amgen Europe BV,Amgen
Glaxo Operations UK Ltd,Glaxo Operations Uk
Chugai Pharma Manufacturing Co Ltd,Chugai Pharma Manufacturing
"Mediphar Laboratories (Packing) under license from Laboratoires Elerte, France",Laboratoires Elerte
Marcyrl Pharmaceuticals Industries (MPI),Marcyrl Pharmaceuticals Industries
SA Laboratoires Pharmaceutiques Trenker,Laboratoires Pharmaceutiques Trenker
Italfarmaco SA,Italfarmaco
Vifor International,International
Takeda Austria GmbH,Takeda Austria
Cooper SA,Cooper
Panpharma,Panpharma
Rafarm SA,Rafarm
IDT Biologika GmbH,Idt Biologika
Vifor (International) Inc,Vifor
Swissco Services AG,Swissco Services
Laboratorios Bial- Portela & Ca SA,Laboratorios Bial- Portela & Ca
Rottendorf Pharma GmbH,Rottendorf Pharma
Innothera Chouzy,Innothera Chouzy
The Jordanian Pharmaceutical Manufacturing Company (JPM),The Jordanian Pharmaceutical Manufacturing Company
Amino AG,Amino GmbH
Steripharm,Steripharm
Cilag AG,Janssen
BioSidus SA,Biosidus
Grifols Biologicals LLC,Grifols Biologicals
"CSL Behring AG, Switzerland packed by Benta SAL Lebanon under license from CSL Behring AG, Switzerland",Benta
Grifols Therapeutics LLC,Grifols Therapeutics
Kedrion SpA,Kedrion
LFB Biomedicaments,Lfb Biomedicaments
B. Braun Medical AG,B. Braun
Fresenius Kabi Deutschland GmbH,Fresenius
Fresenius Kabi Austria GmbH,Fresenius
B. Braun Melsungen AG,B. Braun
Otsuka Pharmaceutical India Private Limited,Otsuka
Baxter SA,Baxter
Serum Products,Serum Products
Serum and Solutions SAL,Serum And Solutions Sal
Fresenius medical Care  Deutschland,Fresenius Medical Care Deutschland
Baxter Healthcare SA,Baxter
Baxter Company Limited,Baxter
Fresenius Kabi Norg AS,Fresenius
"Catalent Indiana, LLC",Catalent
Novartis Pharma Stein AG,Novartis
Aspen Bad Oldesloe GmbH,Aspen
GlaxoSmithKline Manufacturing SpA,Glaxosmithkline Manufacturing
"Pharmaline Licensed by Abbott Laboratories GmbH, Germany",Abbott Laboratories
Rottapharm Ltd,Rottapharm
Hameln Pharmaceuticals GmbH,Hameln Pharmaceuticals
Siegfried Hameln GmbH,Siegfried Hameln
Hikma Italy SpA,Hikma Italy
Meridian Medical Technologies Inc,Meridian Medical Technologies
Orion Corporation Orion Pharma,Orion Corporation Orion Pharma
Meda Pharma GmbH & Co KG,Meda Pharma &
Bioindustria L.I.M. SpA,Bioindustria L.I.M.
Fisiopharma SRL,Fisiopharma
Benta SAL under license from Cheplapharm Arzneimittel GmbH Germany,Cheplapharm Arzneimittel  Germany
BTT,Btt
Merck Sant� SAS,Merck Healthcare KGaA
Merck Healthcare KGaA,Merck Healthcare Kgaa
Pfizer Manufacturing Belgium NV,Pfizer Manufacturing Belgium
MS Pharma,Ms Pharma
Servier (Ireland) Industrie Ltd,Servier Industrie
Ever Neuro Pharma GmbH,Ever Neuro Pharma
Genvion Corporation,Genvion Corporation
"KrKa, dd, Novo Mesto",Krka
Opella Healthcare International,Opella Healthcare International
Laboratoires Leo,Laboratoires Leo
Synthon Hispania SL,Synthon Hispania Sl
Bluepharma Industria Farmaceutica SA,Bluepharma Industria Farmaceutica
Gador SA,Gador
Famar Lyon,Famar Lyon
Millmount Healthcare Limited,Millmount Healthcare Limited
New F.A. DEM SRL,New F.A. Dem Srl
Medical Union Pharmaceuticals (MUP),Medical Union Pharmaceuticals
Aburaihan Pharmaceutical Company,Aburaihan
Mayne Pharma International Pty Ltd,Mayne Pharma International Pty
Sobhan Darou Company,Sobhan Darou Company
Delpharm Huningue SAS,Delpharm Huningue
Mobilat produktions GmbH,Mobilat Produktions
Farmea,Farmea
Madaus GmbH,Madaus
AstraZeneca Pharmaceuticals Co. Ltd. WUXI,AstraZeneca
"Industrias Farmaceuticas Almirall, S.A.",Industrias Farmaceuticas Almirall
"Pharmaline Lebanon Licensed by Merck HealthCare KGaA, Germany ",Merck Healthcare Kgaa
Stada Arzneimittel AG,STADA
AstraZeneca UK Ltd,AstraZeneca
Lek SA,Lek
Fareva Amboise,Fareva Amboise
Inpharmasci SAS,Inpharmasci
SAJA- Saudi Arabia Japanese Pharmaceutical Co,Saja- Saudi Arabia Japanese Pharmaceutical
Inpharmasci SAS,Inpharmasci
Haupt Pharma Livron SAS,Haupt Pharma Livron
Algorithm S.A.L. under license from Recordati Italy,Recordati Italy
Pharmactive Ilac Sanayi ve Ticaret AS,Pharmactive Ilac Sanayi Ve Ticaret As
Organon Pharma (UK) Limited,Organon Pharma Limited
Generfarma SL,Generfarma Sl
Algorithm S.A.L. under license from Recordati Ireland Ltd,Recordati Ireland
Ferrer Internacional SA,Ferrer Internacional
Adamed Pharma S.A.,Adamed
Servier (Ireland) Industries Ltd,Servier Industries
Algorithm S.A.L. under license from Merck and Co USA,Merck And Co Usa
"Pharmaline Licensed by Novartis Pharma AG, Basle, Switzerland",Novartis Pharma
Atlantic Pharma Producoes Farmaceuticas SA,Atlantic Pharma
"Pharmaline (Packing) under license from Sandoz, Austria",Sandoz
Daiichi Sankyo Europe GmbH,Daiichi Sankyo
Bennett Pharmaceuticals SA,Bennett Pharmaceuticals
Novartis Farma SpA,Novartis
Algorithm S.A.L. under license from Merck and Co inc USA,Merck And Co  Usa
Dr Lazar y.Cia. S.A.Q.eI,Dr Lazar Y.Cia. S.A.Q.Ei
Sun Pharmaceuticals Industries Ltd,Sun Pharma
Lek Pharmaceuticals dd,Lek Pharmaceuticals Dd
Egis Pharmaceuticals PLC,Egis Pharmaceuticals
Haupt Pharma Latina SRL,Haupt Pharma Latina Srl
Globalpharma Co Llc,Globalpharma
IPR Pharmaceuticals,Ipr Pharmaceuticals
Ibn Al Baytar,Ibn Al Baytar
Algorithm S.A.L. under license from KOWA Pharmaceutical Europe Co Ltd UK,Kowa Pharmaceutical Europe Co  Uk
"Mediphar Laboratories under licence of Zeon Health Industries, India",Mediphar
"Pharmaline Licensed by Abbott laboratories Ltd, UK",Abbott Laboratories
Laboratorios Rubio SA.,Laboratorios Rubio .
Patheon Softgels BV,Patheon Softgels
Algorithm S.A.L. under license from Merck Sharp And Dohme Idea AG Switzerland,Merck Sharp & Dohme
Amgen Manufacturing Ltd,Amgen
Fournier Laboratories Ireland Ltd,Fournier Laboratories Ireland
Merck Sharp & Dohme BV,Merck Sharp & Dohme
Dr Lazar Y CIa SA.Q.e.I,Dr Lazar Y Cia .Q.E.I
Kvp Pharma+ Veterinar Produkte GmbH,Kvp Pharma+ Veterinar Produkte
GP Grenzach Produktions GmbH,Gp Grenzach Produktions
Bayer HealthCare Manufacturing SRL,Bayer
Laboratorios Serra Pamies SA,Laboratorios Serra Pamies
Laboratoris Feltor S.A.,Laboratoris Feltor S.A.
Laboratoires Chemineau,Laboratoires Chemineau
Wockhardt Ltd,Wockhardt
Pierre Fabre Medicament Production,Pierre Fabre Medicament Production
GSK Consumer Healthcare SA,Gsk Consumer Healthcare
Jamjoum Pharmaceuticals,Jamjoum Pharmaceuticals
"Pharmaline Licensed by Tripharma, Turkey",Tripharma
Galderma,Galderma
Stradis,Stradis
Merck KGaA & Co,Merck Kgaa &
Globopharm Pharmazeut Prod.U.Handels GmbH,Globopharm Pharmazeut Prod.U.Handels
Janssen Cilag SA,Janssen
"Universal Pharmaceutical Industries ""Unipharma"" Syria for Arwan Pharmaceutical Industries Lebanon",Arwan
Natureplex LLC,Natureplex
Walter Ritter GmbH & Co.KG,Walter Ritter & .
Leo Laboratories Ltd (Leo Pharma),Leo Laboratories
Natureplex,Natureplex
Amman Pharmaceutical Industries Co Ltd,Amman Pharmaceutical Industries
Engelhard Arznemittel GmbH and Co.Kg,Engelhard Arznemittel And .
Middle East Pharmaceutical Industries Co Ltd - Avalon Pharma,Middle East Pharmaceutical Industries - Avalon Pharma
Recipharm  Parets SL,Recipharm Parets Sl
Laboratorio Aldo-Union SL,Laboratorio Aldo-Union Sl
IBSA,Ibsa
Farmalabor Produtos Farmaceuticos SA,Farmalabor Produtos Farmaceuticos
3M Health Care Ltd,3M
Temmler Italia SRL,Temmler Italia Srl
Amman Pharmaceutical Industries Co,Amman Pharmaceutical Industries
Amman Pharmaceutical Industries,Amman Pharmaceutical Industries
Jamjoum Pharmaceuticals Co,Jamjoum Pharmaceuticals
"Famar Montreal Inc, Canada",Famar Montreal
Leo Pharma Manufacturing Italy SRL,Leo Pharma Manufacturing Italy Srl
Laboratorios Vitoria SA,Laboratorios Vitoria
Glaro Pharm AG,Glaro Pharm
"Pharmaline Licensed by Pierre Fabre Medicament, France",Pierre Fabre Medicament
Seid SA,Seid
Mundipharma Pharmaceuticals Ltd,Mundipharma Pharmaceuticals
Medpharma Pharma and Chem Ind's LLC,Medpharma Pharma And Chem Ind'S
Dr August Wolff GmbH & Co Arzneimittel,Dr August Wolff & Arzneimittel
Pella Pharmaceuticals Co Ltd,Pella Pharmaceuticals
Catalent France Beinheim SA,Catalent
Catalent Germany Eberbach GmbH,Catalent
Gap SA,Gap
Astellas Ireland Co Ltd,Astellas
Pharmacia & Upjohn Company LLC,Pharmacia & Upjohn Company
Aerosol Service AG,Aerosol Service
Laboratorio Edol Produtos Farmaceuticos SA,Laboratorio Edol Produtos Farmaceuticos
"Mediphar Laboratories (Packing) under license from Ferrer Internacional SA, Spain",Ferrer Internacional
Unither Liquid Manufacturing,Unither Liquid Manufacturing
Fulton Medicinali SpA,Fulton Medicinali
Bruschettini SRL,Bruschettini Srl
Ferring Controlled Therapeutics,Ferring Controlled Therapeutics
Hikma Farmaceutica SA,Hikma Farmaceutica
Laboratoire Haupt Pharma Livron,Laboratoire Haupt Pharma Livron
N.V. Organon,N.V. Organon
Bayer OY,Bayer
Pfizer Italia SRL,Pfizer Italia Srl
Ferring GmbH,Ferring
Laboratorios Leon Farma SA,Laboratorios Leon Farma
Bayer Weimar GmbH & Co KG,Bayer
Delpharm Lille SAS,Delpharm Lille
Besins Manufacturing Belgium,Besins Manufacturing Belgium
Besins Manufacturing,Besins Manufacturing
Pharmazeutische Fabrik Montavit GmbH,Pharmazeutische Fabrik Montavit
Haupt Pharma Amareg GmbH,Haupt Pharma Amareg
Laboratoires Besins International,Laboratoires Besins International
Cyndea Pharma SL,Cyndea Pharma Sl
Laboratorio Leon Farma SA,Laboratorio Leon Farma
Dendron Brands Limited,Dendron Brands Limited
QPharma AB,Qpharma Ab
Besins Manufacturing Belgium SA,Besins Manufacturing Belgium
IBSA Institut Biochimique SA,Ibsa Institut Biochimique
BBT- Biotech GmbH,Bbt- Biotech
Cinnagen Co,Cinnagen
Merck Serono SpA,Merck Serono
Vetter Pharma- Fertigung GmbH & Co KG,Vetter Pharma- Fertigung &
Merck Serono SA,Merck Serono
Patheon France SA,Patheon
Fareva Richmond Inc,Fareva Richmond
Apogepha Arzneimittel GmbH,Apogepha
Dr. R. Pfleger Chemische Fabrik GmbH,Dr. R. Pfleger Chemische Fabrik
"Packed by Pharmadex Lebanon under license from Macleods Pharmaceuticals Ltd, India",Pharmadex Lebanon
"Pharmadex SAL (Packing) under license from Ctc Bio Inc, Korea",Ctc Bio
Pharmaceutical works Polpharma SA,Pharmaceutical Works Polpharma
Lilly SA,Lilly
"Atlantic Pharma Producoes Farmaceuticas SA, Portugal Packed by Pharmadex",Pharmadex
Interpharma Services Ltd,Interpharma Services
"CMG Pharmaceutical Co Ltd, Republic of Korea, for Arwan Pharmaceutical Industries Lebanon SAL",Arwan
Laboratoires Sterop SA,Laboratoires Sterop
Menarini Von Heyden GmbH,Menarini Von Heyden
"Algorithm S.A.L. under license from Recordati Ireland Ltd-Ireland and Kissei pharmaceutical Co Ltd, Japan",Recordati Ireland -Ireland And Kissei Pharmaceutical Co
"AIAC International Pharma, LLC",AIAC Pharma
Kern Pharma SL,Kern Pharma Sl
Accord Healthcare Limited,Accord Healthcare
"Pharmaline Licensed by Glaxo SmithKline Export Ltd , UK",Glaxo Smithkline Export
Pfizer Manufacturing Belgium NV PUURS,Pfizer Manufacturing Belgium Puurs
Sandoz GmbH,Sandoz
"GP-Pharm, SA",Gp-Pharm
Ipsen Pharma Biotech,Ipsen Pharma Biotech
Baxter Oncology GmbH,Baxter
Benta SAL under license from Mylan S.A.S. France,Mylan
Neon Laboratories Limited,Neon Laboratories Limited
Jazeera Pharmaceutical Industries,Jazeera Pharma
Ever Pharma Jena GmbH,Ever Pharma Jena
Vuab Pharma AS,Vuab Pharma As
"Pharmaline Licensed by Phadisco Ltd, Cyprus",Phadisco
Merck KGaA,Merck Kgaa
"Bial- Portela & Ca, SA",Bial- Portela & Ca
Eli Lilly and Company,Eli Lilly
Delpharm Huningue SAS Huningue,Delpharm Huningue Huningue
Labatec Pharma SA,Labatec Pharma
Laboratorio Farmacologico Milanese SRL,Laboratorio Farmacologico Milanese Srl
Wyeth Lederle SRL,Wyeth Lederle Srl
Vogen Laboratories Ltd,Vogen Laboratories
"Pharmaline Licensed by Sandoz GmbH, KUNDL, Austria ",Sandoz
Packed by Pharmadex Lebanon under license from Orbucell pharma Canada,Pharmadex Lebanon
SmithKline Beecham Ltd,Smithkline Beecham
GlaxoWellcome Production,Glaxowellcome Production
Al-Hikma Pharmaceuticals,Hikma
Laboratorios Atral SA,Laboratorios Atral
"Pharmaline SAL Licensed by Glaxo SmithKline Export Ltd , UK",Glaxo Smithkline Export
"Pharmadex licensed by Laboratorio Reig. Jofre. SA Spain
",Laboratorio Reig. Jofre. Spain
Mitim SRL Italy for Arwan Pharmaceutical Industries Lebanon SAL,Arwan
Mitim SRL,Mitim Srl
Demo SA,Demo
F. Hoffmann La Roche Ltd,Roche
"ACS Dobfar SpA, Italy for Arwan Pharmaceutical Industries Lebanon SAL",Arwan
Labesfal Laboratorios Almiro SA,Labesfal Laboratorios Almiro
Hikma Farmaceutica under license of Astellas Pharma Inc. Japan,Hikma Farmaceutica Under License Of Astellas Pharma . Japan
Hikma Pharmaceuticals under license of Astellas Pharma Inc Japan,Hikma
Jazeera Pharmaceutical Industries under licence of Astellas Pharma Inc Japan,Jazeera Pharma
Pharma International Co Ltd,Pharma International
Tabuk Pharmaceutical Manufacturing Company (Arabie Seoudite) under license from Meiji Seika Kaisha Ltd,Meiji Seika Kaisha
ACS Dobfar S.P.A.,Acs Dobfar
"LDP Laboratorios Torlan, SA",Ldp Laboratorios Torlan
Antibioticos Do Brazil Ltda,Antibioticos
Zambon Switzerland Ltd Switzerland for Arwan Pharmaceutical Industries Lebanon SAL,Arwan
"Savior Lifetec Corporation, Taiwan for Arwan Pharmaceutical Industries Lebanon SAL",Arwan
"Packed by Pharmadex SAL Lebanon under license from ACS Dobfar SpA, Italy",Pharmadex
Facta Farmaceutici SpA,Facta Farmaceutici
Merck Sharp & Dohme Chibret (Mirabel),Merck Sharp & Dohme Chibret
Unimed Laboratories,Unimed Laboratories
"Patheon UK Ltd under license from Basilea Pharmaceutica international ltd, Switzerland",Basilea Pharmaceutica International
Steri-Pharma LLC,Steri-Pharma
Abbvie SRL,AbbVie
Delpharm Saint Remy,Delpharm Saint Remy
Help SA,Help
"Fresenius Kabi Italia SRL, Italy",Fresenius
Biomendi SA,Biomendi
"Manufactured by Pharmathen SA, Greece Packed by Pharmadex S.A.L, under license from Pharmathen SA, Greece",Pharmadex S.A.L
Algorithm S.A.L. under licence from Nippon Shinyaku Co Ltd Japan,Algorithm
Hospira Inc,Pfizer
Vianex SA- Plant C,Vianex - Plant C
Xellia Pharmaceuticals ApS,Xellia Pharmaceuticals Aps
Zambon Switzerland Ltd,Zambon Switzerland
Pfizer Pharmaceutical LLC,Pfizer Pharmaceutical
Pharmathen International SA,Pharmathen International
Patheon Italia SpA,Patheon Italia
Gilead Sciences Ireland UC,Gilead
Laboratorio Farmaceutico C.T S.r.l.,Laboratorio Farmaceutico C.T S.R.L.
R-Pharm Germany GmbH,R-Pharm Germany
"Manufactured by Pharmaceuticals Works Polpharma SA, Poland for Benta SAL",Benta
"Swissco Services AG, under license from Basilea Pharmaceutica International Ltd",Basilea Pharmaceutica International
"Baxter Pharmaceutical Solutions LLC, USA, under license from Basilea Pharmaceutica International Ltd, Switzerland",Basilea Pharmaceutica International
Merck Sharp & Dohme,Merck Sharp & Dohme
"Astellas Pharma Tech Co, Ltd Takaoka Plant",Astellas
Artesan Pharma GmbH & Co. KG,Artesan
BSP Pharmaceuticals SpA,Bsp Pharmaceuticals
GlaxoWellcome SA,Glaxowellcome
Patheon Inc,Patheon
"Benta SAL (Packing) manufactured by Hetero Labs Ltd, India",Hetero Labs
"Manufactured by Hetero Labs Ltd, India for Benta SAL",Benta
"AstraZeneca Pharmaceuticals LP, Indiana",AstraZeneca
MSD International GmbH,Msd International
GlaxoSmithKline Australia Pty Ltd,Glaxosmithkline Australia Pty
"Glaxo Operations UK Ltd packed by Glaxowellcome SA, Spain",Glaxowellcome
MSD International GmbH (Ballydine),Msd International
"Packed by Benta SAL Lebanon under license from CSL Behring AG, Switzerland",Benta
Sanquin Plasma Products BV,Sanquin Plasma Products
CSL Behring AG,Csl Behring
Serum Institute of India Pvt Ltd,Serum Institute Of India Pvt
Sanofi Pasteur Inc,Sanofi
GlaxoSmithKline Biologicals SA,Glaxosmithkline Biologicals
Merck Sharp & Dohme Corp,Merck Sharp & Dohme
Sanofi Pasteur,Sanofi
Biological E Limited,Biological E Limited
Sanofi Pasteur SA,Sanofi
Serum Institute of India Ltd,Serum Institute Of India
"Merck Sharp & Dohme Corp, West Point",Merck Sharp & Dohme
Sinovac Biotech Co Ltd,Sinovac Biotech
"Merck Sharp & Dohme Corp, Durham",Merck Sharp & Dohme
Medac Gesellschaft Fur Klinische Spezialpraparate mbH,Medac Gesellschaft Fur Klinische Spezialpraparate Mbh
Haupt Pharma Wolfratshausen GmbH,Haupt Pharma Wolfratshausen
Thymoorgan Pharmazie GmbH,Thymoorgan Pharmazie
Orion Corporation,Orion Corporation
The Arab Pharmaceutical Manufacturing PSC,The Arab Pharmaceutical Manufacturing Psc
Ebewe Pharma GesmbH.NFG.KG,Ebewe Pharma Gesmbh.Nfg.
Neapolis Pharma,Neapolis Pharma
Laboratorios Richmond S.A.C.I.F.,Laboratorios Richmond S.A.C.I.F.
Genzyme Ltd,Genzyme
Fresenius Kabi Oncology Limited,Fresenius
"GP-Pharm, SA",Gp-Pharm
Jiangsu Hengrui Medicine Co Ltd,Jiangsu Hengrui Medicine
"Pharmaline SAL Licensed by Natco Pharma Ltd, India",Natco Pharma
Fareva Pau,Fareva Pau
Hospira Australia pty Ltd,Pfizer
Laboratorios IMA S.A.I.C.,Laboratorios Ima S.A.I.C.
Abraxis BioScience LLC,Abraxis
Hospira UK,Pfizer
Bioprofarma S.A.,Bioprofarma S.A.
Laboratorio Kemex SA,Laboratorio Kemex
Hospira UK Ltd,Pfizer
Pfizer (perth) pty Ltd,Pfizer Pty
Janssen Pharmaceutica NV,Janssen
Cenexi  - Laboratoire Thissen,Cenexi - Laboratoire Thissen
Pharmacia Italia SpA,Pharmacia Italia
"Adamed Pharma S.A., Pabianice, Poland, for Arwan Pharmaceutical industries Lebanon SAL",Arwan
"Patheon Inc., Mississauga, Ontario, Canada",Patheon
"NIPRO Pharma Corporation, Kagamiishi Plant",Nipro Pharma Corporation
Excella GmbH,Excella
Pfizer Pharmaceuticals LLC,Pfizer Pharmaceuticals
Novartis Singapore Pharmaceutical Manufacturing PTE Ltd,Novartis Singapore Pharmaceutical Manufacturing
Lilly Del Caribe Inc,Lilly Del Caribe
Ethypharm,Ethypharm
S.C. Sandoz S.R.L.,S.C. Sandoz S.R.L.
Combino Pharm Ltd,Combino Pharm
Patheon France,Patheon
Eisai Manufacturing Limited,Eisai Manufacturing Limited
"Manufactured by JSC Biocad, Russia for Benta SAL",Benta
"Roche Diagnostics  GmbH
",Roche Diagnostics
Celltrion Inc.,Celltrion
"Genentech Inc, Hillsboro, Oregon",Genentech
Genentech Inc,Genentech
"Biocon Biologics India Limited, for Benta SAL",Benta
"F. Hoffmann La Roche Ltd, Kaiseraugst",Roche
Bristol-Myers Squibb Holdings Pharma Ltd Liability Company Manati,Bristol-Myers Squibb
MSD Ireland (Carlow),Msd Ireland
"F. Hoffmann La Roche Ltd, Basel Manufacturing site Kaiseraugst",Roche
F. Hoffmann La Roche Manufacturing Site Kaiseraugst,Roche
Wyeth Pharmaceutical Division of Wyeth Holding LLC,Pfizer
Amgen Technology (Ireland) Unlimited Company,Amgen
Genepharm SARL,Genepharm
Nano Fanavaran Darouei Alvand Co (Nano Alvand),Nano Fanavaran Darouei Alvand
"Hetero Labs Limited, India for Benta SAL",Benta
"Manufactured by MSN Laboratories Private Ltd, India for Benta SAL",Benta
Dr. Reddy's Laboratories Ltd,Dr. Reddy's
Salutas Pharma GmbH,Salutas Pharma
Amgen Technology (Ireland) Unlimited Company (ADL),Amgen
Abbvie Ltd,AbbVie
Porton Biopharma Limited,Porton Biopharma Limited
J. Uriach Y Compania SA,J. Uriach Y Compania
Abbvie Inc,AbbVie
Fareva Unterach GmbH,Fareva Unterach
Corden Pharma GmbH,Corden Pharma
Janssen Ortho LLC,Janssen Ortho
Haupt Pharma Munster GmbH,Haupt Pharma Munster
Eirgen Pharma Ltd,Eirgen Pharma
"Pharmaline SAL Licensed by Sudair Pharma Company, KSA",Sudair Pharma Company
Patheon France SAS,Patheon
Hospira Zagreb D.O.O.,Pfizer
"Sandoz GmbH, Langkamfen",Sandoz
"Sandoz GmbH, (Schaftenau)",Sandoz
Biogen Denmark Manufacturing APS,Biogen Denmark Manufacturing Aps
F. Hoffmann La Roche Kaiseraugst,Roche
AJ Vaccines A/S,AJ Vaccines
Pfizer Ireland Pharmaceuticals,Pfizer Ireland Pharmaceuticals
Fujifilm Diosynth Biotechnologies,Fujifilm Diosynth Biotechnologies
Bristol-Myers Squibb Company,Bristol-Myers Squibb
Pharmascience Inc,Pharmascience
"Manufactured by Hetero Labs Ltd, India Packed by Benta SAL",Benta
"Manufactured by Alembic Pharmaceutical Limited, India for Benta SAL",Benta
Celgene International SARL,Celgene International
Abbvie Ireland NL BV,AbbVie
"Celltrion Inc., secondary packed by Hikma Pharmaceuticals, Jordan",Hikma Pharmaceuticals
UCB Pharma SA,UCB Pharma
"Astellas Pharma Tech Co, Ltd",Astellas
Celgene International,Celgene International
MSN Laboratories Private Limited,Msn Laboratories Private Limited
Dr Grossmann AG Pharmaca,Dr Grossmann Pharmaca
"Fulton Medicinali SpA, Italy packed by Chaoul Pharmaceuticals (cha-pha) SAL",Fulton Medicinali
Amriya Pharmaceutical Industries Co,Amriya
Laboratorios Bago SA,Laboratorios Bago
Denver Farma SA,Denver Farma
Chiesi Farmaceutici SpA,Chiesi Farmaceutici
Global Pharmaceuticals Industries,Global Pharma
"Phil Interpharma Co. Ltd., Vietnam for Arwan Pharmaceutical Industries Lebanon",Arwan
Laboratorio De Aplicaciones Farmacodinamicas SA (FARDI),Laboratorio De Aplicaciones Farmacodinamicas
"Lifepharma Fze, United Arab Emirates for Arwan Pharmaceutical Industries Lebanon",Arwan
Laboratorios Basi-Industria Farmaceutica S.A.,Laboratorios Basi-Industria Farmaceutica S.A.
Farmaceutici Formenti SpA,Farmaceutici Formenti
Maco Productions,Maco Productions
Special Product's Line SpA,Special Product'S Line
SAG Manufacturing SLU,Sag Manufacturing Slu
Pfizer Pharmaceutical LLC Puerto Rico,Pfizer Pharmaceutical Puerto Rico
Pharmacia & Upjohn Co,Pharmacia & Upjohn
Frosst Iberica S.A.,Frosst Iberica S.A.
Joswe Medical,Joswe
"Packed by Pharmadex SAL Lebanon under license from CrystalGenomics, Inc, Republic of Korea",Pharmadex
Roemmers S.A.I.C.F.,Roemmers S.A.I.C.F.
Almirall Hermal GmbH,Almirall
Pharbil Waltrop GmbH,Pharbil Waltrop
Streuli Pharma AG,Streuli Pharma
Sofarimex SA,Sofarimex
Altegron Italia Srl,Altegron
SAJA Pharmaceuticals (Saudi Arabia Japanese Pharmaceutical Company Limited) under licence from Daiichi Sankyo Co Ltd Japan,Daiichi Sankyo
Lead Chemical Co. Ltd.,Lead Chemical . .
Alexandria Company for Pharmaceuticals & Chemical Industries,Pharmaceuticals & Chemical Industries
Pharma Developpement,Pharma Developpement
Allergan Pharmaceuticals (Ireland),Allergan
"Benta SAL under license from Medy-Tox Inc, Korea",Medy-Tox
Ipsen Biopharm Ltd,Ipsen Biopharm
Laphal Industries,Laphal Industries
Packed by Pharmadex SAL Lebanon under license from Marcan Pharmaceuticals Inc. Canada,Pharmadex
Cana S.A. Pharmaceuticals Labs,Cana S.A. Pharmaceuticals Labs
Sintetica SA,Sintetica
Aspen Port Elizabeth (PTY) Ltd,Aspen
Delpharm Bretigny,Delpharm Bretigny
Fully manufactured by Algorithm S.A.L. under license from Teijin Pharma Ltd Japan,Teijin Pharma  Japan
S.C. Zentiva S.A.,Zentiva
Swiss Co Services AG,Swiss Services
Penn Pharmaceutical Services Ltd,Penn Pharmaceutical Services
Pharmidea SIA,Pharmidea Sia
Gemepe S.A.,Gemepe S.A.
"Algorithm S.A.L. under license from Merck and Co inc, White House New Jersey USA",Merck And Co
Fidia Farmaceutici SpA,Fidia Farmaceutici
Baxter Healthcare Corporation,Baxter
Piramal Critical Care Inc,Piramal
Hemofarm A.D.,Hemofarm A.D.
Corden Pharma SpA,Corden Pharma
Corden Pharma SpA Italy for Arwan Pharmaceutical Industries Lebanon SAL,Arwan
Cenexi-Fontenay Sous Bois,Cenexi-Fontenay Sous Bois
Pahama GmbH,Pahama
Septodont,Septodont
L. Molteni & C.dei F.LLi Alitti  societa.di.Esercizio SpA,L. Molteni & C.Dei F.Lli Alitti Societa.Di.Esercizio
Recipharm Karlskoga AB,Recipharm Karlskoga Ab
Laboratorios Inibsa SA,Laboratorios Inibsa
Pierrel SpA,Pierrel
Novocol Pharmaceutical of Canada Inc,Novocol Pharmaceutical Of Canada
Bard Pharmaceuticals Ltd,Bard
Aesica Queenborough Ltd,Aesica
UPSA,Upsa
Gifrer Barbezat,Gifrer Barbezat
Bene Arzneimittel GmbH,Bene Arzneimittel
Farmasierra Manufacturing SL,Farmasierra Manufacturing Sl
Grunenthal GmbH,Grunenthal
Losan Pharma GmbH,Losan Pharma
Pharmex Advanced Laboratories SL,Pharmex Advanced Laboratories Sl
GlaxoSmithKline Dungarvan Ltd,Glaxosmithkline Dungarvan
"Manufactured by Benta Lyon, France for Benta SAL",Benta
Aspen Pharma Pty Ltd,Aspen
"UPSA SAS, Agen",Upsa
"Farmaclair, Herouville",Farmaclair
"Solupharm Pharmazeutische Erzeugnisse GmbH, Germany for Arwan Pharmaceutical Industries Lebanon SAL",Arwan
Uni-Pharma Kleon Tsetis Pharmaceutical  Laboratories SA,Uni-Pharma Kleon Tsetis Pharmaceutical Laboratories
B. Braun Medical SA,B. Braun
ACS Dobfar Info SA,Acs Dobfar
UPSA SAS,Upsa
"UPSA SAS, Le Passage",Upsa
SmithKline Beecham SA,Smithkline Beecham
Kwality Pharmaceuticals Limited,Kwality Pharmaceuticals Limited
"GSK Consumer Health Inc., Lincoln",Gsk Consumer Health .
Allegiant Health,Allegiant
"Chaoul Pharmaceuticals (cha-pha) SAL Lebanon (Packing) under license by Elerte, France Manufactured by Laboratoires Elerte, France",Laboratoires Elerte
Medical Developments International Limited,Medical Developments International Limited
Generis Farmaceutica SA,Generis Farmaceutica
Inpharmasci,Inpharmasci
Merck Sharp & Dohme Ltd,Merck Sharp & Dohme
Zhejiang Huahai Pharmaceutical Co Ltd,Zhejiang Huahai Pharmaceutical
Pfizer Manufacturing Deutschland GmbH for Parke Davis,Parke Davis
Recipharm Leganes S.L.U.,Recipharm Leganes S.L.U.
Sanofi Aventis SA,Sanofi
"ANI Pharmaceuticals Canada, Inc",ANI Pharmaceuticals
Allphamed Pharbil Arzneimittel GmbH,Allphamed
Wiewelhove GmbH,Wiewelhove
"InfoRLife SA, Switzerland for Benta SAL",Benta
Aesica Pharmaceuticals GmbH,Aesica
"UCB Pharma SA, Chemin Du Foriest",UCB Pharma
Unither Manufacturing LLC,Unither Manufacturing
H. Lundbeck AS,H. Lundbeck As
"Novartis Urunleri, Istanbul",Novartis Urunleri
Synthon Hispania,Synthon Hispania
"Eli Lilly and Company Indianapolis, Indiana",Eli Lilly
"Manufactured by Intas Pharmaceuticals Limited, India for Benta SAL",Benta
Psychotropics India Ltd,Psychotropics India
Laboratories Rafarm SA,Rafarm
Halo Pharmaceutical Canada Inc,Halo Pharmaceutical Canada
"Algorithm S.A.L. (Packager), Macleods Pharmaceuticals Ltd, Baddi, India",Algorithm
Janssen Cilag Manufacturing LLC,Janssen
Gedeon Richter PLC,Gedeon Richter
"H. Lundbeck A/S under license from Otsuka Pharmaceutical Co., Ltd, Japan",Otsuka
Sanico NV,Sanico
Tilman SA,Tilman
Mylan Laboratories SAS,Mylan
Anesta LLC,Anesta
Renaissance Lakewood LLC,Renaissance Lakewood
Janssen Cilag Manufacturing LLC,Janssen
LTS Lohmann Therapie System,Lts Lohmann Therapie System
LTS Lohmann Therapie System AG,Lts Lohmann Therapie System
Rechon Life Science AB,Rechon Life Science Ab
Catalent Germany Schorndorf GmbH,Catalent
Opella Healthcare International SAS,Opella Healthcare International
Alkermes Pharma Ireland Ltd,Alkermes
Andersonbrecon Inc,AndersonBrecon
Chaoul Pharmaceuticals (Cha-Pha) SAL under licence from Lagap Pharmaceuticals Switzerland,Chaoul Pharmaceuticals Sal Under Licence From Lagap Pharmaceuticals Switzerland
Pharmaceutical Solutions Industry Ltd,Pharmaceutical Solutions Industry
GlaxoSmithKline Consumer Healthcare SA (PTY) Ltd,Glaxosmithkline Consumer Healthcare
Europeenne De Pharmacotechnie- Europhartech,Europeenne De Pharmacotechnie- Europhartech
"Manufactured by Neel Nayan Pharma Pvt, Ltd, India for Benta SAL",Benta
Ursapharm Arzeinmittel GmbH,Ursapharm Arzeinmittel
Vifor SA,
API (Amman Pharmaceutical Industries Co),Amman Pharmaceutical Industries
"Aventis Pharma, Holmes Chapel",Sanofi
Urgo,Urgo
Farmaclair,Farmaclair
Bestco Inc,Bestco
Siegfried Barbera SL,Siegfried Barbera Sl
"Pharmaline under license from Exeltis Healthcare SL, Spain",Exeltis Healthcare Sl
Berg Life Sciences SA,Berg Life Sciences
Recipharm HC Limited,Recipharm Hc Limited
SMB Technologie SA,Smb Technologie
Laboratoire Unither,Laboratoire Unither
The Ritedose Corporation,The Ritedose Corporation
Patheon Manufacturing Services LLC,Patheon Manufacturing Services
Krewel Meuselbach GmbH,Krewel Meuselbach
"Reckitt Benckiser Healthcare Imternational Ltd, Nottingham",Reckitt Benckiser Healthcare Imternational
Hermes Arzneimittel GmbH,Hermes
Jerash Pharmaceuticals,Jerash Pharmaceuticals
Salutas Pharma  GmbH for Hexal AG,Hexal Ag
"Chaoul Pharmaceuticals (cha-pha) SAL Lebanon (Packing) under license by Aesculapius Farmaceutici, Italy Manufactured by Marco VIti Farmaceutici SpA, Italy",Marco Viti Farmaceutici
Inibsa SA,Inibsa
UCB Farchim SA,Ucb Farchim
Aesica Pharmaceuticals Srl,Aesica
"Medana Pharma SA, Sieradz- Poland for Arwan Pharmaceutical Industries Lebanon",Arwan
"Schering-Plough Labo NV Co subsidiary of Schering-Plough Corporation, USA",Schering-Plough Labo Subsidiary Of Schering-Plough Corporation
Centre Specialit�s Pharmaceutiques,Centre Specialit�s Pharmaceutiques
Iberfar Industria Farmaceutica SA,Iberfar Industria Farmaceutica
Delpharm Orleans,Delpharm
Martin Dow Pharmaceuticals,Martin Dow Pharmaceuticals
Laboratorios Richet SA,Laboratorios Richet
ONY Inc,Ony
Leo Laboratories Ltd,Leo Laboratories
Laboratoires Thea,Laboratoires Thea
Farmila- Thea Farmaceutici SPA,Farmila- Thea Farmaceutici
Allergan Pharmaceuticals Ireland,Allergan
Farmigea SpA,Farmigea
SA Alcon Couvreur NV,Alcon
Bausch and Lomb Incorporated,Bausch Health
Excelvision,Excelvision
Alliance Medical Products Inc.,Alliance Medical Products
Chauvin,Chauvin
Alcon- Couvreur NV PUURS,Alcon
"Dr. Gerhard Mann, Chem-Pharm. Fabrik GmbH",Bausch Health
Allergan,Allergan
UAB Santonika,Uab Santonika
Alcon Laboratories Inc,Alcon
Merck Sharp & Dohme Chibret route de marsat,Merck Sharp & Dohme Chibret Route De Marsat
Alcon Couvreur NV,Alcon
Alcon Cusi SA,Alcon
Laboratoires Merck Sharp & Dohme Chibret,Laboratoires Merck Sharp & Dohme Chibret
"Manufactured by Warsaw Pharmaceutical Works Polfa SA, Poland Packed by Benta SAL",Benta
Cooper SA Pharmaceuticals,Cooper Pharmaceuticals
Tubilux Pharma SpA,Tubilux
Pharma Stulln GmbH,Pharma Stulln
Alcon Research LLC,Alcon
Allergan Sales LLC,Allergan
"SALVAT, SA",Salvat
Pharmaster,Pharmaster
Laboratoires Grimberg SA,Laboratoires Grimberg
Adelco- Chromatourgia Athinon E Colocotronis Bross SA,Adelco
Stallerg�nes,Stallerg�nes
"Diater Laboratorio de Diagnostico y Aplicaciones Terapeuticas, SA",Diater Laboratorio De Diagnostico Y Aplicaciones Terapeuticas
CP Pharmaceuticals,Cp Pharmaceuticals
Ilko Ilac Sanayi ve Tic. A.S,Ilko Ilac Sanayi Ve Tic. A.S
Hamol Limited,Hamol
Solupharm Pharmazeutischie Bendalis GmbH,Solupharm Pharmazeutischie Bendalis
