MOPHCode	RouteLNDI
9876	Oral
4648	Oral
6868	Oral
6687	Oral
4811	Oral gingival
5724	Oral gingival
8169	Oral
10439	Oral
3345	Oral
9595	Oral
10207	Oral
4509	Oral
1808	Oral
11827	Oral
1809	Oral
11828	Oral
8825	Oral
10395	Vaginal
10394	Vaginal
9690	Oral
8923	Oral
4272	Oral
9574	Oral
6212	Oral
11468	Oral
11469	Oral
6233	Oral
3593	Oral
11610	Oral
11472	Oral
9181	Oral
8507	Oral
4452	Oral
8671	Oral
11109	Oral
7012	Oral
9342	Oral
1553	Oral
3117	Oral
11331	Oral
11698	Oral
11699	Oral
6025	Oral
1554	Oral
2504	Infusion 
6939	Infusion
9128	Infusion
8858	Infusion
8425	IV
11328	Infusion
1555	Infusion 
7750	Infusion 
8773	Infusion 
6026	Oral
10147	Oral
5910	Oral
5911	Oral
8125	Oral
6151	Oral
6152	Oral
7232	Oral
1859	Oral
11498	Oral
5998	Oral
6571	Oral
6149	Oral
6150	Oral
10082	Oral
7793	Infusion/IV
10925	Infusion/IV
8868	Infusion
7197	IV
6668	Oral
8644	Oral
7613	Oral
794	Oral
6669	Oral
3757	Oral
7776	Oral
11049	Oral
4831	Oral
7622	Oral
3758	Oral
5081	Oral
5082	Oral
7775	Oral
6439	Oral
7734	Oral
1510	Oral
11217	Oral
8553	Oral
7774	Oral
7605	Oral
6265	Oral
7840	Oral
1511	Oral
11218	Oral
7571	Oral
7773	Oral
7606	Oral
6264	Oral
11885	Oral
9264	Oral
11461	Infusion/IV
8980	Infusion/IV
7836	Infusion/IV
6181	Oral
11070	Oral
11490	Oral
11489	Oral
7663	Oral
11833	Oral
3161	Oral
3512	Oral
8893	Oral
9974	Oral
10637	Oral
10854	Oral
11299	Oral
6814	Oral
10581	Oral
5233	Oral
1862	Oral
8608	IV/IM
3682	Oral
10221	Oral
1025	Oral
4501	Oral
1849	Oral
7544	Oral
9110	IV/IM
1523	Oral
7322	Oral
3970	Oral
1525	Oral
3058	Oral
4214	IV/IM/SC
2177	IV/SC
4864	IV/IM/SC
4236	IV/IM/SC
2179	IV/SC
11027	IV
9501	Oral
9502	Oral
3748	Oral
3749	Oral
7930	IV/IM/SC
9086	IV/IM/SC
3119	IV/IM/SC
1579	IV/IM/SC
4415	Oral
8410	Oral
4378	Oral
9478	Oral
4640	Oral
4336	Oral
7552	Oral
2481	Oral
4525	Oral
8547	Oral
8548	Oral
2793	IV/IM
8871	IV/IM
9605	IV/IM
7713	IV/IM
9087	IV/IM
9733	IV/IM
11798	Oral
11096	Oral
1847	Oral
5056	Oral
1689	Oral
4447	Oral
7455	Oral
6204	Oral
9875	Oral
5999	Oral
1848	Oral
9149	Oral
3969	Oral
8918	Oral
9591	Oral
4446	Oral
10435	Oral
10827	Oral
9090	Oral
9116	IV/IM
9988	IV/IM
8959	IV
8962	IV
5644	IV
7850	IV/IM
9117	IV/IM
9987	IV/IM
8958	IV
8100	IV
5312	Infusion/IV
7851	IV/IM
7678	IV
10337	Oral
9013	Oral
11300	Oral
11680	Oral
9491	Oral
9928	Oral
11783	Oral
10902	Oral
11082	Oral
10336	Oral
10984	Rectal
11154	Rectal
9546	Oral
8436	Infusion/IV
9852	Infusion/IV/IM
8437	Infusion/IV
11008	Transdermal
8286	IV
11574	IV
8551	Oral
1453	Oral
1454	Oral
1455	Rectal
10342	Oral
10343	Oral
92	Oral
9890	Oral
9891	Oral
4502	Oral
9735	Oral
9738	Oral
10851	Rectal
4503	Oral
4504	Oral
8603	Oral
6459	Oral
7973	Oral
10320	Oral
4495	Oral
3168	Oral
2555	Oral
1589	Oral
2557	Oral
9645	Oral
9646	Oral
6712	Rectal
4548	Rectal
4549	Rectal
4551	Rectal
11541	Oral
11892	Oral
11540	Oral
11891	Oral
8844	Oral
4442	Oral
9495	Oral
3754	Oral
3755	Oral
11703	Oral
4421	Oral
10512	Oral
2251	Oral
2512	Oral
6943	Oral
9350	Oral
10094	Oral
11518	Oral
7651	Oral
11470	Rectal
7160	Oral
10833	Oral
10834	Oral
8965	Oral
1008	Oral
3115	Oral
8775	Oral
5478	Oral
6890	Oral
10339	Oral
8321	Oral
9191	Oral
1009	Rectal
3116	Rectal
10682	Rectal
11799	Rectal
1260	Rectal
7846	Rectal
96	Rectal
10543	Rectal
6253	Rectal
8319	Oral
8320	Oral
10806	Oral
10807	Oral
10808	Oral
169	Oral
3915	Oral
8477	Oral
3938	Oral
8287	Oral
8288	Oral
11685	Oral
8760	Oral
8759	Oral
9939	Oral
10095	Oral
9449	Oral
6255	Oral
6285	Oral
6883	Oral
7113	Oral
9241	Oral
6575	Oral
6286	Oral
3206	Oral
5258	Oral
2023	SC
8497	SC
1038	IV/SC
5060	SC
5844	SC
10619	SC
10981	SC
10983	SC
1028	SC
10592	SC
2017	SC
8087	SC
8113	SC
5263	SC
5262	SC
1037	SC
5061	SC
2029	SC
8088	SC
5842	SC
5843	SC
2016	SC
8085	SC
8111	SC
7961	SC
1039	SC
2025	SC
8496	SC
5057	SC
8907	SC
10292	SC
11866	SC
5264	SC
2124	SC
8413	SC
7239	SC
10560	SC
10559	SC
9165	SC
5374	Oral
9115	Oral
4699	Oral
5948	Oral
5136	Oral
5083	Oral
11282	Oral
5375	Oral
8579	Oral
897	Oral
4301	Oral
9012	Oral
4642	Oral
3685	Oral
4700	Oral
5137	Oral
9011	Oral
5163	Oral
5115	Oral
6031	Oral
11280	Oral
8581	Oral
5693	Oral
5085	Oral
11283	Oral
7254	Oral
8582	Oral
3897	Oral
6219	Oral
5084	Oral
11281	Oral
8580	Oral
3896	Oral
4422	Oral
5172	Oral
3919	Oral
6133	Oral
11399	Oral
10879	Oral
6706	Oral
4728	Oral
6837	Oral
11040	Oral
5123	Oral
10880	Oral
6707	Oral
4729	Oral
6838	Oral
11041	Oral
6705	Oral
5927	Oral
5122	Oral
10881	Oral
6708	Oral
4730	Oral
6839	Oral
11449	Oral
6704	Oral
5929	Oral
5124	Oral
10882	Oral
6709	Oral
4731	Oral
6840	Oral
11042	Oral
6702	Oral
5930	Oral
5125	Oral
6437	Oral
4701	Oral
4302	Oral
4702	Oral
4303	Oral
5086	Oral
5847	Oral
7290	Oral
5126	Oral
9705	Oral
9706	Oral
9707	Oral
5770	Oral
11237	Oral
10314	Oral
10502	Oral
5771	Oral
11236	Oral
10315	Oral
7991	Oral
7992	Oral
7993	Oral
10316	Oral
10501	Oral
10740	Oral
11682	Oral
11430	Oral
11175	Oral
10741	Oral
11683	Oral
11429	Oral
11174	Oral
11526	Oral
10758	Oral
8993	Oral
8994	Oral
11048	Oral
10767	Oral
11047	Oral
10766	Oral
11525	Oral
11161	Oral
9337	Oral
11360	Oral
11612	Oral
11447	Oral
9339	Oral
11361	Oral
11448	Oral
9826	Oral
11433	Oral
11812	Oral
9827	Oral
11434	Oral
11813	Oral
8680	Oral
10469	Oral
10991	Oral
10463	Oral
10464	Oral
10462	Oral
10992	Oral
11711	Oral
1340	Oral
5345	Oral
5959	Oral
5302	Oral
8333	Oral
7871	Oral
10194	Oral
11632	Oral
11633	Oral
11327	Oral
11684	Oral
11848	Oral
11043	Oral
11176	Oral
11759	Oral
8571	Oral
8572	Oral
10757	Oral
6755	Oral
10585	Oral
8854	SC
8083	SC
8084	SC
10918	SC
10987	SC
10041	SC
10042	SC
10043	SC
11529	Oral
8253	Oral
11321	Oral
11530	Oral
11446	Oral
8203	Oral
10782	Oral
8204	Oral
10781	Oral
2010	Oral
9237	Oral
2036	Oral
9235	Oral
2038	Oral
9236	Oral
11858	SC
11859	SC
11857	SC
11854	SC
11855	SC
11856	SC
6869	Oral
11233	Oral
11130	Oral
4576	Oral
4588	Oral
4289	Oral
6832	Infusion
11211	IV
11208	IV
11209	Oral
11210	Oral
6260	Oral
11582	Oral
11212	Oral
10146	Oral
10251	Oral
7309	Oral
9573	Oral
6881	Oral
5764	Oral
7589	Oral
9611	Oral
10530	Oral
7385	Oral
10218	Oral
10697	Oral
8712	Oral
9572	Oral
9125	Oral
7492	Oral
9802	Oral
9473	Oral
9758	Oral
5666	Oral
9141	Oral
10659	Oral
7422	Oral
7320	Oral
7511	Oral
9800	Oral
9278	Oral
9522	Oral
9760	Oral
9341	Oral
9759	Oral
9207	IM
9382	Oral
9276	Oral
11757	IM
11758	IM
7597	IM
11491	Oral
11492	Oral
1337	Oral
8710	Oral
9220	Oral
7666	Oral
5712	Oral
1338	IM
10829	IM
11818	Oral
8099	Infusion/IM
4577	Oral
11329	Oral
9599	IV/IM
1369	Oral
1551	Oral
9606	Infusion
1385	Oral
6193	Oral
9526	Infusion
4104	Infusion 
7735	Infusion
10895	Oral
2248	Oral
7493	Oral
1800	Oral
8422	Oral
4658	Oral
1801	Oral
2249	Oral
5667	Oral
7421	Oral
7423	Oral
9262	Oral
3495	Oral
6269	Oral
8438	Oral
11396	Oral
9222	Oral
5049	Infusion 
8546	Oral
7315	Oral
9730	Infusion 
10155	Infusion
11061	Infusion
8281	Infusion
9066	Oral
4543	Oral
9929	Infusion/IV
2626	Infusion/IV/SC
11363	IV/SC
9950	SC
11733	SC/Intravascular
11734	SC/Intravascular
11199	SC
10735	SC
1752	SC/Intravascular
11342	SC
11365	IV/SC
9952	SC
11744	SC/Intravascular
11745	SC/Intravascular
1757	SC
11344	SC
11364	IV/SC
9951	SC
11742	SC/Intravascular
11743	SC/Intravascular
11198	SC
1758	SC
11343	SC
11362	IV/SC
9949	SC
11740	SC/Intravascular
11741	SC/Intravascular
1759	SC/Intravascular
11341	SC
11746	SC/Intravascular
490	Oral
10009	Oral
6624	SC
6625	SC
6860	SC
6861	SC
10870	Oral
11808	Oral
7282	Oral
6267	Oral
5982	Oral
6218	Oral
5775	Oral
6544	Oral
9975	Oral
11886	Oral
10751	Oral
10982	Oral
8992	Oral
6938	Oral
6257	Oral
7820	Oral
7691	Oral
5490	Oral
8408	Oral
10548	Oral
8506	Oral
10362	Oral
9480	Oral
7004	Oral
4673	Oral
4680	Oral
10617	Oral
5489	Infusion
8082	Infusion
6517	Oral
10642	Oral
10784	Oral
10641	Oral
10783	Oral
10408	Oral
10409	Oral
10402	Oral
10407	Oral
10406	Oral
10405	Oral
10404	Oral
10658	Oral
10403	Oral
2224	Infusion/IV
2217	IV
5314	Oral
5317	Oral
11822	Oral
5315	Oral
5316	Oral
11821	Oral
6523	Oral
11820	Oral
7870	Oral
10555	Oral
6773	Oral
10552	Oral
10411	Oral
11064	Oral
10359	Oral
11824	Oral
11825	Oral
6775	Oral
10553	Oral
10412	Oral
11065	Oral
10360	Oral
11823	Oral
5543	Oral
10554	Oral
10413	Oral
11063	Oral
10361	Oral
11826	Oral
10341	Oral
11589	Oral
10551	Oral
10340	Oral
11590	Oral
10550	Oral
8832	SC
9359	SC
11046	Infusion 
3356	Oral/IV/IM
9851	Oral/IV/IM
10489	Infusion/IV
10415	Infusion/IV
11335	Infusion/IV
9506	Epilesional
9507	Epilesional
9508	Epilesional
7193	Infusion
8986	IV
3279	IV
8987	IV
3280	IV
8988	IV
3281	IV
7980	IV
8558	IV
9763	IV
8850	Infusion 
10908	Infusion
10909	Infusion
10367	IV
10368	IV
6958	Infusion 
6539	Infusion 
10307	Infusion
10284	Infusion
10285	Infusion
10286	Infusion
8983	IV
8984	IV
8985	IV
8315	IV
5539	IV
10083	IV
5540	IV
5541	IV
9762	IV
1263	IV/IM
9808	Oral
7521	SC
11625	Oral
11624	Oral
9902	SC
9903	SC
9904	SC
9905	SC
5342	Oral
9481	Oral
11111	Oral
5295	Oral
7777	Oral
6867	Oral
6724	Oral
5046	Oral
10178	Infusion/IV
8728	Infusion/IV
8729	Infusion/IV
7023	IV
7974	Infusion/IV
5210	Infusion/IV
6239	Infusion/IV
9154	Oral
5113	Oral
8656	Oral
1870	Oral
6657	Oral
9155	Oral
11841	Oral
9156	Oral
11842	Oral
3712	Oral
1864	Oral
10941	IM
10624	IM
6824	IV/IM
9536	IM
8141	Oral
6658	Oral
4440	Oral
6372	IV/SC
11303	IV/SC
6370	IV/SC
11302	IV/SC
6442	IV/SC
11531	IV/SC
10471	IV/SC
10775	IV/SC
11692	IV/SC
6368	IV/SC
11790	IV/SC
10472	IV/SC
6791	IV/SC
10473	IV/SC
1433	IV/SC
8890	IV/SC
9830	IV/SC
10774	IV/SC
1434	IV/SC
1095	IV/SC
6211	IV/SC
1096	IV/SC
10934	IV/SC
11473	IV/SC
10935	IV/SC
7211	Infusion
7212	Infusion
9378	Infusion
11424	Infusion
11425	Infusion
3487	Infusion 
3489	Infusion 
3267	Infusion 
9604	Infusion 
8989	Infusion 
3604	Infusion 
5567	Infusion 
4048	Infusion 
8428	Infusion
9780	Infusion
2662	Infusion 
2473	Infusion 
6831	Infusion
8409	Infusion
6830	Infusion
11191	Infusion
7125	Infusion
7132	Infusion
8075	Infusion
8076	Infusion
4166	Infusion 
4776	Infusion 
9584	Infusion 
4182	Infusion 
4785	Infusion 
4167	Infusion 
9377	Infusion 
4775	Infusion 
9897	Infusion 
9997	Infusion 
4169	Infusion 
9376	Infusion 
4774	Infusion 
9588	Infusion 
9784	Infusion 
9585	Infusion 
4181	Infusion 
4184	Infusion 
9714	Infusion 
4784	Infusion 
4786	Infusion 
9715	Infusion 
10130	Infusion 
10129	Infusion 
10613	Infusion 
11145	Infusion 
4134	Infusion 
4136	Infusion 
4138	Infusion 
9711	Infusion 
9712	Infusion 
4767	Infusion 
4769	Infusion 
4770	Infusion 
9710	Infusion 
9713	Infusion 
10076	Infusion 
10078	Infusion 
10077	Infusion 
10131	Infusion 
10612	Infusion 
11144	Infusion 
4142	Infusion 
4144	Infusion 
9372	Infusion 
9373	Infusion 
4764	Infusion 
4765	Infusion 
4766	Infusion 
9370	Infusion 
9371	Infusion 
9483	Infusion 
9484	Infusion 
9562	Infusion 
9563	Infusion 
10611	Infusion 
11143	Infusion 
4157	Infusion 
4159	Infusion 
11652	Infusion 
4754	Infusion 
4755	Infusion 
4756	Infusion 
4777	Infusion 
4772	Infusion 
4165	Infusion 
4773	Infusion 
4174	Infusion 
4778	Infusion 
4163	Infusion 
4133	Infusion 
4147	Infusion 
4155	Infusion 
4149	Infusion 
4151	Infusion 
4153	Infusion 
4177	Infusion 
4179	Infusion 
9587	Infusion 
10936	Infusion 
11150	Infusion 
4782	Infusion 
4783	Infusion 
9555	Infusion 
9883	Infusion 
9785	Infusion 
4187	Infusion 
4189	Infusion 
4780	Infusion 
4781	Infusion 
4110	Infusion 
2596	Infusion 
10614	Infusion 
10615	Infusion 
10616	Infusion 
11140	Infusion 
11141	Infusion 
11142	Infusion 
4115	Infusion 
4117	Infusion 
4119	Infusion 
9379	Infusion 
11651	Infusion 
11653	Infusion 
11654	Infusion 
4749	Infusion 
4750	Infusion 
4751	Infusion 
4114	Infusion 
4752	Infusion 
4753	Infusion 
10566	Infusion 
10567	Infusion 
10568	Infusion 
10569	Infusion 
11146	Infusion 
11147	Infusion 
11148	Infusion 
11149	Infusion 
9772	Infusion 
9790	Infusion 
9791	Infusion 
9792	Infusion 
9793	Infusion 
4122	Infusion 
4124	Infusion 
4126	Infusion 
4128	Infusion 
4130	Infusion 
9558	Infusion 
9559	Infusion 
9586	Infusion 
9708	Infusion 
9773	Infusion 
4808	Infusion 
4809	Infusion 
4779	Infusion 
4790	Infusion 
4801	Infusion 
5198	Infusion 
9955	Infusion 
9958	Infusion 
9957	Infusion 
9999	Infusion 
9954	Infusion 
9956	Infusion 
9959	Infusion 
9998	Infusion 
4748	Infusion 
4810	Infusion 
4747	Infusion 
2595	Infusion 
4113	Infusion 
4112	Infusion 
4111	Infusion 
4191	Peritoneal Dialysis
4192	Peritoneal Dialysis
5186	Peritoneal Dialysis
5188	Peritoneal Dialysis
5190	Peritoneal Dialysis
5191	Peritoneal Dialysis
5187	Peritoneal Dialysis
5189	Peritoneal Dialysis
3599	Peritoneal Dialysis
3600	Peritoneal Dialysis
9869	Peritoneal Dialysis
9867	Peritoneal Dialysis
9865	Peritoneal Dialysis
9864	Peritoneal Dialysis
9861	Peritoneal Dialysis
9863	Peritoneal Dialysis
6695	Infusion
285	Infusion 
2282	Infusion 
4199	Infusion 
4200	Infusion 
2283	Infusion 
4198	Infusion 
4196	Infusion 
4197	Infusion 
4202	Infusion 
4201	Infusion 
4203	Infusion 
10570	Infusion 
10571	Infusion 
10572	Infusion 
10573	Infusion 
10575	Infusion 
11136	Infusion 
11137	Infusion 
11138	Infusion 
11139	Infusion 
2285	Infusion 
291	Infusion 
292	Infusion 
9189	Infusion 
9190	Infusion 
9892	Infusion 
9895	Infusion 
9896	Infusion 
9788	Infusion 
9881	Infusion 
9560	Infusion 
9561	Infusion 
9786	Infusion 
4207	Infusion 
4208	Infusion 
4209	Infusion 
4211	Infusion 
4212	Infusion 
4215	Infusion 
4217	Infusion 
4219	Infusion 
4221	Infusion 
9374	Infusion 
9375	Infusion 
9380	Infusion 
9556	Infusion 
9557	Infusion 
9709	Infusion 
4795	Infusion 
4796	Infusion 
4792	Infusion 
4793	Infusion 
4794	Infusion 
11414	Parenteral
11415	Parenteral
11416	Parenteral
9789	Infusion 
9882	Infusion 
9564	Infusion 
9565	Infusion 
9787	Infusion 
10574	Infusion 
11135	Infusion 
9893	Infusion 
9894	Infusion 
4223	Infusion 
4224	Infusion 
4225	Infusion 
9774	Infusion 
9775	Infusion 
4787	Infusion 
4788	Infusion 
4789	Infusion 
4206	Infusion 
4857	Infusion 
4204	Infusion 
4205	Infusion 
8758	Infusion/IV
3504	Infusion/IV
2771	Infusion/IV
4175	Infusion/IV
4176	Infusion/IV
4103	Infusion 
8826	IV
10707	Infusion
3922	Infusion 
4105	Haemodialysis
4106	Haemodialysis
4107	Haemodialysis
4108	Haemodialysis
4109	Haemodialysis
4800	Haemodialysis
4802	Haemodialysis
4803	Haemodialysis
4804	Haemodialysis
4805	Haemodialysis
4806	Haemodialysis
4858	Haemodialysis
4859	Haemodialysis
4860	Haemodialysis
10626	SC
11718	Oral
11719	Oral
7507	Oral
7508	Oral
5283	Oral
5284	Oral
2222	Oral
9472	Oral
10815	Oral
10816	Oral
2975	Oral
11398	Oral
2976	Infusion 
10826	Infusion
8590	Infusion
5213	Infusion 
11513	Infusion 
2871	Infusion 
11662	Infusion 
10114	Infusion 
2640	Infusion 
3546	Infusion 
7787	Infusion/IV/IM/SC
8906	IV
11026	IV
3532	Infusion 
4861	
2097	IV/SC
7809	IV/SC
11025	IV
272	Infusion/IV
2279	Infusion/IV
11500	Infusion/IV
8529	Infusion
6599	Transdermal
9921	Infusion
8421	Infusion
11114	Infusion
11503	Oral
4605	Oral
3714	Oral
3715	Oral
5420	Oral
5421	Oral
9462	Oral
9463	Oral
5422	Oral
9464	Oral
9024	Oral
11388	Oral
9023	Oral
11389	Oral
449	Infusion/intraarteriel 
9836	IV
3838	Oral
11226	Oral
5385	Oral
11715	Oral
10693	Oral
5386	Oral
11714	Oral
10694	Oral
8105	Oral
8103	Oral
8104	Oral
8924	Oral
4304	Oral
4314	Oral
10763	Oral
10764	Oral
10765	Oral
7258	Oral
7049	Oral
11658	Oral
8176	IV
5492	Oral
11193	Oral
9469	Oral
8842	Oral
10713	Oral
5493	Oral
11194	Oral
9468	Oral
8843	Oral
10714	Oral
8898	Oral
4468	Oral
4497	Oral
4508	Oral
2548	Oral
9224	Oral
10878	Oral
988	Oral
11501	Oral
1664	Oral
10791	Oral
4738	Oral
8224	IV/IM
8249	IV/IM
2573	IV/IM
8145	IV/IM
9133	IV/IM
5313	Infusion/IV
9552	Infusion
10877	Oral
10186	Oral
10204	Oral
10396	Oral
8794	Oral
9067	Oral
9899	Oral
11459	Oral
9025	Oral
7087	Oral
9068	Oral
9898	Oral
11460	Oral
9026	Oral
7088	Oral
4267	Oral
11495	Oral
6441	Oral
11594	Oral
7703	Rectal
9781	Rectal
10297	Rectal
10298	Rectal
9120	Rectal
10236	Topical
10425	Rectal
10248	Rectal
10199	Rectal
1169	Topical
5569	Topical
9347	Varicose vein
9348	Varicose vein
9346	Varicose vein
8157	Oral
8158	Oral
7080	Topical
7081	Topical
3427	Oral
6927	Oral
5878	Oral
9608	Topical
2361	Oral
8290	Oral
9438	Oral
8886	Oral
3196	Oral
8031	Oral
10968	Oral
10969	Oral
10158	Oral
1001	Oral
1651	Oral
4874	Oral
1002	Oral
1652	Oral
4875	Oral
10132	Oral
10177	Oral
6516	Oral
11755	Oral
7573	Oral
11756	Oral
11441	Oral
978	Oral
11080	Oral
4249	Oral
480	Oral
11442	Oral
4260	Oral
481	Oral
10970	Oral
10971	Oral
11045	Oral
4694	Oral
5951	Oral
5039	Oral
5506	Oral
5192	Oral
11444	Oral
4078	Oral
11384	Oral
6308	Oral
8768	Oral
11561	Oral
4695	Oral
5041	Oral
5507	Oral
5181	Oral
4079	Oral
11385	Oral
6309	Oral
8767	Oral
4693	Oral
5957	Oral
11445	Oral
7838	Oral
11251	Oral
11383	Oral
11252	Oral
11253	Oral
3686	Oral
11030	Oral
10973	Oral
10778	Oral
9901	Infusion/IV
9853	Oral
9467	Oral
9465	Oral
9968	Oral
9466	Oral
4268	Oral
11443	Oral
4269	Oral
4696	Oral
6715	Oral
5397	Oral
8769	Oral
4697	Oral
6338	Oral
6339	Oral
4321	Oral
5516	Oral
5518	Oral
3531	Oral
10779	Oral
7746	Oral
5074	Oral
5585	Oral
7274	Oral
11767	Oral
5266	Oral
6471	Oral
6256	Oral
3950	Oral
5695	Oral
1858	Oral
7243	Oral
7330	Oral
10780	Oral
7347	Oral
5586	Oral
7273	Oral
11766	Oral
8570	Oral
6407	Oral
7331	Oral
10835	Infusion
7167	Oral
6681	Oral
6682	Oral
10773	Oral
2688	Oral
3717	Oral
4311	Oral
4312	Oral
5285	Oral
5286	Oral
10278	Oral
10279	Oral
3822	Oral
4250	Oral
4252	Oral
4251	Oral
3055	Oral
3045	Oral
4253	Oral
3819	Oral
4275	Oral
4578	Oral
6714	Oral
5171	Oral
3820	Oral
4276	Oral
5173	Oral
322	Oral
11349	Oral
3213	Oral
11350	Oral
11351	Oral
3212	Oral
5229	Oral
5236	Oral
4263	Oral
10883	Oral
6481	Oral
6340	Oral
7710	Oral
4264	Oral
10884	Oral
6480	Oral
5669	Oral
7711	Oral
7172	Oral
4265	Oral
10885	Oral
7244	Oral
5670	Oral
7712	Oral
7171	Oral
4266	Oral
4278	Oral
11352	Oral
3530	Oral
5615	Oral
5616	Oral
6262	Oral
5577	Oral
5576	Oral
5729	Oral
5730	Oral
5880	Oral
11504	Oral
5881	Oral
11505	Oral
5883	Oral
11507	Oral
6836	Oral
10140	Oral
10139	Oral
10141	Oral
10142	Oral
8130	Oral
8132	Oral
8133	Oral
9678	Oral
9679	Oral
6845	Oral
5329	Oral
4745	Oral
10943	Oral
7173	Oral
6846	Oral
5244	Oral
10944	Oral
11772	Oral
7045	Oral
6477	Oral
7063	Oral
11814	Oral
8618	Oral
7889	Oral
11773	Oral
7046	Oral
6855	Oral
7065	Oral
11815	Oral
8619	Oral
7934	Oral
7890	Oral
7891	Oral
7972	Oral
10871	Oral
7390	Oral
9295	Oral
7675	Oral
7333	Oral
10586	Oral
9070	Oral
6222	Oral
10872	Oral
7389	Oral
9294	Oral
7603	Oral
7338	Oral
10587	Oral
9071	Oral
6223	Oral
11219	Oral
1381	Oral
6823	Oral
11274	Oral
10111	Oral
11220	Oral
1382	Oral
6822	Oral
11275	Oral
10110	Oral
10109	Oral
2265	Oral
5077	Oral
11466	Oral
2308	Oral
9589	Oral
5078	Oral
11467	Oral
9796	Oral
6576	Oral
6766	Oral
11246	Oral
9795	Oral
6577	Oral
6764	Oral
11247	Oral
9794	Oral
6578	Oral
6765	Oral
11248	Oral
11163	Oral
11895	Oral
6847	Oral
4645	Oral
9286	Oral
10945	Oral
7174	Oral
6848	Oral
5475	Oral
9287	Oral
10946	Oral
11774	Oral
7892	Oral
11775	Oral
6478	Oral
6574	Oral
8354	Oral
7935	Oral
7893	Oral
11776	Oral
6854	Oral
7894	Oral
7896	Oral
7895	Oral
10874	Oral
7388	Oral
10528	Oral
7674	Oral
8512	Oral
10588	Oral
6224	Oral
10873	Oral
7386	Oral
10529	Oral
7676	Oral
8513	Oral
10589	Oral
6225	Oral
7387	Oral
7604	Oral
8514	Oral
10590	Oral
11221	Oral
6018	Oral
11277	Oral
10112	Oral
6017	Oral
10113	Oral
2326	Oral
5812	Oral
7411	Oral
11516	Oral
7412	Oral
11517	Oral
7413	Oral
11515	Oral
7414	Oral
11514	Oral
11645	Oral
11700	Oral
11777	Oral
11872	Oral
8033	Oral
7311	Oral
9801	Oral
10350	Oral
11778	Oral
11873	Oral
10223	Oral
8032	Oral
7314	Oral
8584	Oral
10349	Oral
11871	Oral
9963	Oral
7408	Oral
11249	Oral
9961	Oral
7409	Oral
11250	Oral
9962	Oral
7410	Oral
6461	Oral
11179	Oral
6462	Oral
11178	Oral
6817	Oral
6818	Oral
10246	Oral
10247	Oral
10245	Oral
7226	Oral
7227	Oral
11779	Oral
11337	Oral
11782	Oral
11255	Oral
11338	Oral
11780	Oral
11339	Oral
11781	Oral
11115	Oral
11257	Oral
11336	Oral
11374	Oral
11340	Oral
7762	Oral
11390	Oral
7763	Oral
11391	Oral
7764	Oral
11394	Oral
7765	Oral
11393	Oral
7766	Oral
11392	Oral
8447	Oral
8448	Oral
8449	Oral
6727	Oral
3898	Oral
4674	Oral
4371	Oral
6728	Oral
3900	Oral
7169	Oral
4675	Oral
4372	Oral
6729	Oral
3899	Oral
7170	Oral
4676	Oral
4373	Oral
3355	Oral
3571	Oral
9005	Oral
4340	Oral
3579	Oral
9006	Oral
4339	Oral
4338	Oral
6092	Oral
5226	Oral
5075	Oral
9199	Oral
11795	Oral
11355	Oral
7525	Oral
5587	Oral
3564	Oral
6355	Oral
5268	Oral
11701	Oral
5486	Oral
10576	Oral
4718	Oral
3895	Oral
7116	Oral
6130	Oral
8510	Oral
6093	Oral
5224	Oral
5076	Oral
7569	Oral
11794	Oral
8660	Oral
11356	Oral
8486	Oral
7177	Oral
5588	Oral
3563	Oral
6354	Oral
5267	Oral
10175	Oral
5487	Oral
10577	Oral
4719	Oral
3894	Oral
7115	Oral
6131	Oral
8509	Oral
6094	Oral
5225	Oral
7490	Oral
9200	Oral
10484	Oral
11617	Oral
8485	Oral
7526	Oral
5863	Oral
6188	Oral
6356	Oral
5269	Oral
10174	Oral
10578	Oral
4720	Oral
5989	Oral
8307	Oral
6132	Oral
9234	Oral
11616	Oral
10579	Oral
1711	Oral
7496	Oral
11896	Oral
7861	Oral
6342	Oral
9609	Oral
8873	Oral
8118	Oral
6302	Oral
11346	Oral
5484	Oral
8462	Oral
7769	Oral
3990	Oral
7038	Oral
1712	Oral
7497	Oral
11897	Oral
7862	Oral
6343	Oral
9610	Oral
8874	Oral
8119	Oral
6303	Oral
11347	Oral
5485	Oral
7384	Oral
7768	Oral
4094	Oral
7037	Oral
1713	Oral
7498	Oral
6301	Oral
11348	Oral
7767	Oral
5565	Oral
7724	Oral
11345	Oral
5761	Oral
6100	Oral
10357	Oral
6101	Oral
9745	Oral
8403	Oral
5376	Oral
5811	Oral
10547	Oral
7727	Oral
5856	Oral
7601	Oral
7184	Oral
10580	Oral
3367	Oral
8444	Oral
9353	Oral
9063	Oral
10814	Oral
5278	Oral
5252	Oral
8542	SC
9065	Oral
9064	Oral
7510	Oral
9160	Oral
9161	Oral
10191	Oral
8312	Oral
7947	Oral
11322	Oral
10192	Oral
8313	Oral
11748	Oral
10190	Oral
11747	Oral
10635	Oral
11188	Oral
10636	Oral
11189	Oral
11190	Oral
8035	Oral
8034	Oral
8721	Oral
8722	Oral
8723	Oral
7729	Topical
7869	Topical
11797	Topical
4646	Topical
7332	Topical
9496	Topical
4313	Topical
2886	Topical
3902	Topical
11788	Topical
4067	Topical
10122	Topical
7156	Topical
4714	Topical
4362	Topical
10202	Topical
6385	Topical
3903	Topical
9157	Topical
2748	Topical
11088	Topical
4423	Oral
856	Oral
5589	Oral
8341	Oral
7155	Oral
4715	Oral
4361	Oral
4568	Topical
4641	Topical
4610	Topical
4621	Topical
7558	Topical
10168	Topical
259	Topical
4499	Topical
3992	Topical
1499	Topical
7220	Topical
7543	Topical
5211	Topical
6220	Oral
10120	Topical
9045	Topical
9907	Topical
11502	Topical
9843	Topical
164	Topical
4481	Topical
4600	Topical
8081	Topical
4567	Topical
6872	Topical
4523	Topical
4634	Topical
2747	Topical
7321	Topical
4618	Topical
11478	
1089	Topical
5500	Topical
8192	Topical
11819	Topical
4400	Topical
7531	Topical
1440	Topical
1548	Topical
1088	Topical
5499	Topical
8191	Topical
11180	Topical
9445	Topical
8807	Topical
9179	Topical
9180	Topical
4397	Topical
9919	Topical
4632	Topical
771	Topical
11376	Topical
772	Topical
9320	Topical
5298	Topical
4287	Topical
5783	Topical
9686	Topical
11881	Topical
8870	Topical
3698	Topical
7560	Topical
4431	Topical
8932	Topical
8931	Topical
8933	Topical
8996	Topical, Scalp
508	Topical, Scalp
611	Topical
4684	Topical
8560	Topical
612	Topical
4417	Topical
3559	Topical
6905	Topical
10136	Topical
6027	Topical
7539	Topical
10967	Topical
9261	Topical
7897	Topical
9530	Topical
10364	Topical
10363	Topical
8017	Topical
8052	Topical
9351	Topical
10491	Topical
6697	Topical
4898	Topical
9352	Topical
10490	Topical
6696	Topical
4505	Topical
4613	Topical
1527	Topical
7969	Topical
1087	Topical
8193	Topical
7532	Topical
3514	Topical
6014	Topical
4688	Topical
7687	Topical
11846	Topical
4411	Topical
8156	Topical
5504	Topical
8563	Topical
3526	Topical
5239	Topical
10366	Topical
759	Topical
4903	Topical
4904	Topical
4559	Topical
4532	Topical
4490	Topical
4488	Topical
4492	Topical
4494	Topical
4590	Topical
4594	Topical
4591	Topical
4592	Topical
7494	Topical
11611	Topical
9215	Topical
3414	Topical
4368	Topical
4367	Topical
4369	Topical
8652	Topical
10938	Topical
3415	Topical
10939	Topical
8928	Topical
11171	Topical
5095	Topical
4467	Topical
7661	Topical
11726	Topical
7660	Topical
11727	Topical
9061	Topical
10671	Topical
3695	Topical
3694	Topical
6336	Topical
5235	Topical
2767	Topical
11805	Topical
4439	Topical
4414	Topical
7875	Topical
6400	Topical
9330	Topical
11370	Topical
10365	Topical
3977	Oral
10452	Oral
8593	Oral
8724	Oral
3978	Oral
10453	Oral
3976	Oral
10451	Oral
4075	Oral
8725	Oral
5114	Oral
10454	Oral
176	Topical
9017	Topical
9329	Topical
7630	Topical
10255	SC
11809	SC
10623	SC
11810	SC
10329	Topical
2755	Topical, Scalp
6402	Topical, Scalp
5205	Topical, Scalp
10090	Topical, Scalp
6144	Topical, Scalp
6096	Topical, Scalp
8274	Topical, Scalp
8275	Topical, Scalp
11861	Topical
7697	Topical
8411	Topical
7612	Topical
9687	Topical
9409	Topical
9410	Topical
10290	Vaginal
3711	Vaginal
9769	Vaginal
6182	Vaginal
11840	Vaginal
2579	Vaginal
7235	Vaginal
8098	Vaginal
10852	Vaginal
11663	Vaginal
1459	Vaginal
1460	Vaginal
11310	Vaginal
11694	Vaginal
10289	Vaginal
7761	Vaginal
3268	Vaginal
4316	Vaginal
4317	Vaginal
4319	Vaginal
11035	Vaginal
5071	Vaginal
6213	Oral
6420	Oral
6421	Oral
9083	Oral
11121	Oral
5135	Vaginal
7183	Vaginal
10838	Infusion/IV/IM
2937	Infusion/IV/IM
8577	Infusion/IV/IM
10839	Infusion/IV/IM
2936	Vaginal
11832	Intrauterin
1301	Oral
1302	Oral
7826	Oral
7827	Oral
11155	Oral
11156	Oral
3411	Infusion/IV
3412	Infusion/IV
2905	Oral
544	Oral
6284	Oral
141	Oral
8018	Transdermal
3920	Oral
7852	Oral
6561	Oral
542	IM
8270	Oral
8225	Topical
9455	Topical
2043	Oral
6757	Vaginal
8761	Vaginal
1007	Vaginal
2904	Oral
8272	IM
117	Oral/Vaginal
8616	Oral/Vaginal
8929	Oral/Vaginal
968	Oral/Vaginal
5593	Oral/Vaginal
6739	Oral/Vaginal
8226	Oral/Vaginal
969	Oral/Vaginal
7319	Vaginal
5332	Vaginal
6767	Vaginal
5986	Topical
6738	Topical
9118	Topical
7069	IM
11539	Rectal/Vaginal
7253	Rectal/Vaginal
9299	SC
3172	Oral
6664	Oral
10026	Oral
8269	Oral
8048	IM/SC
9269	IM/SC
5612	IM/SC
9357	IM/SC
7179	IM/SC
7178	IM/SC
9270	IM/SC
9356	IM/SC
3905	IM/SC
3904	IM/SC
10086	SC
4025	SC
10087	SC
5334	SC
5595	SC
8909	IM/SC
10508	IM/SC
8908	IM/SC
10507	IM/SC
10975	SC
11022	SC
11021	SC
6470	SC
8292	Oral
11225	Oral
11316	Oral
138	Oral
4596	Oral
9114	Oral
6352	Oral
10143	Oral
4246	Oral
5792	Oral
5979	Oral
10106	Oral
10474	Oral
11646	Oral
11228	Oral
3980	Oral
10695	Oral
11484	Oral
10836	5mg
10334	Oral
9036	Oral
3981	Oral
10696	Oral
11485	Oral
10837	5mg
10333	Oral
9037	Oral
6401	Oral
11864	Oral
7733	Oral
11637	Oral
3996	Oral
10011	Oral
10608	Oral
7536	Oral
8531	Oral
8532	Oral
7485	Oral
11638	Oral
9387	Oral
9734	Oral
10012	Oral
9151	Oral
11802	Oral
5976	Oral
10562	Oral
5157	Oral
9260	Oral
10798	Oral
11888	Oral
11889	Oral
7698	Oral
8036	Oral
7798	Oral
5583	Oral
11567	Oral
9994	Oral
11291	Oral
4677	Oral
10188	Oral
7755	Oral
8695	Oral
9259	Oral
6163	Oral
9244	Oral
8741	Oral
10799	Oral
11887	Oral
9545	Oral
6557	Oral
11566	Oral
11290	Oral
7600	Oral
9433	Oral
9340	Oral
10563	Oral
10354	Oral
10600	Oral
10335	Oral
10429	Oral
10845	Oral
2708	Oral
11559	Oral
10607	Oral
4608	Oral
1204	Oral
7291	Oral
8777	Oral
7292	Oral
3110	Oral
8306	Oral
11203	Oral
5983	Oral
8544	Oral
9437	Oral
5468	Oral
7316	Oral
8589	Oral
5087	Oral
6029	Oral
9072	Oral
6344	Oral
11575	Oral
10949	Oral
6345	Oral
11576	Oral
10948	Oral
11166	Oral
10913	Oral
9318	Oral
5639	Oral
8070	Oral
9081	Oral
9317	Oral
5547	Oral
8588	Oral
11593	Oral
5546	Oral
10181	Oral
10692	Oral
9414	Oral
8285	IM
11244	SC
9395	SC
10863	IM/SC
2014	SC
5185	SC
11245	SC
2015	SC
7032	SC
9837	SC
6915	Sublingual
6914	Sublingual
10205	Oral
6583	IV/IM
10749	IV/IM
850	SC
5848	IM
5849	IM
7148	SC
7149	SC
11670	SC
11671	SC
11672	SC
8446	SC
11039	SC
521	SC
522	SC
11311	SC
11312	SC
8565	IM/Intraarticular/intralesional/intradermal/intrabursal/periarticular/soft tissue injection
4291	Oral
7159	Oral
3885	IV/IM
8279	IV/IM
9694	IV/IM
10206	IV/IM
9289	IM/IV/Intraarticular/intralesional/soft tissue injection
4292	Oral
9014	IV
9693	IV/IM
439	Infusion/IV/IM
7406	IV
5497	IV/IM
9885	Infusion/IV/IM
8744	Infusion/IV/IM
9411	Infusion/IV/IM
9884	Infusion/IV/IM
8691	Infusion/IV/IM
5498	IV/IM
441	Infusion/IV/IM
7868	Infusion/IV/IM
442	Infusion/IV/IM
6904	IV
416	IM/Intraarticular/intralesional/intrarectal
417	IM/Intraarticular/intralesional/intrarectal
11844	Oral
6028	Oral
7041	Oral
11173	Oral
9732	oral
4667	Oral
4459	Oral
4666	Oral
4461	Oral
4664	Oral
4460	Oral
4668	Oral
4462	Oral
7077	IM/Intraarticular
11051	Infusion/IV/IM
9729	Infusion/IV/IM
437	Infusion/IV/IM
2645	Oral
8120	Oral
8121	Oral
10752	Oral
1309	Oral
1310	Oral
7327	Oral
1311	Oral
1312	Oral
4710	Oral
8903	Oral
8904	Oral
2028	IV/IM/SC
10323	SC
5742	SC
10866	SC
10027	Infusion/IM/SC
9973	Nasal
11366	Oral
11368	Oral
11367	Oral
2503	Oral
11172	Oral
1665	Oral
9938	Oral
2768	Oral
4466	Oral
6955	Oral
7284	Oral
4560	Oral
4562	Oral
7158	Oral
11877	Oral
11878	Oral
11879	Oral
11239	Infusion
7824	Infusion
4580	Oral
4579	Oral
4637	Oral
4575	Oral
4643	Oral
4574	Oral
4644	Oral
4469	Oral
4561	Oral
4573	Oral
2139	Infusion/IV/IM
2140	Infusion/IV/IM
899	Oral
11800	Oral
4615	Oral
11182	Oral
893	Oral
3881	Oral
9146	Oral
4626	Oral
4604	Oral
4507	Oral
2924	Oral
4518	Oral
11801	Oral
9147	Oral
7598	Infusion/IV/IM
2137	Infusion/IV/IM
5044	Infusion/IV/IM
8640	Infusion/IV/IM
3944	Infusion/IV
10421	Infusion/IV
8412	Infusion/IV
11792	IV
11847	IV
10271	Oral
1129	Oral
10272	Oral
1130	Oral
1854	Oral
1106	Oral
10280	Oral
1105	Oral
5094	Oral
806	Oral
6988	Oral
9367	Oral
6251	Oral
5384	Oral
10860	Oral
7025	Oral
11609	Oral
730	Oral
1131	Oral
9849	Oral
1132	Oral
8322	Oral
1478	Oral
6457	Oral
8919	Oral
1104	Oral
5545	Oral
8820	Oral
5093	Oral
793	Oral
6351	Oral
1855	Oral
8838	Oral
10922	Oral
6781	Infusion/IV/IM
11565	Infusion/IV/IM
11725	Infusion/IV/IM
9982	Infusion 
6138	Infusion
6475	Infusion
6288	Infusion
8706	Infusion
11796	Infusion
10422	Infusion
8609	IV
6782	Infusion/IV
11564	Infusion/IV
11579	
11793	
1671	Oral
6602	Oral
6603	Oral
11843	IV/IM
2263	Infusion/IV/IM
3943	Infusion/IV/IM
6283	IV
1659	Oral
1498	Oral
8621	Oral
8620	Oral
1658	Oral
1503	Oral
11834	Oral
11689	Oral
9632	Infusion/IV/IM
1842	IV/IM
2272	IV/IM
5966	IV/IM
1394	IV/IM
9240	Infusion/IV/IM
2334	IV/IM
5944	Oral
5774	Oral
6719	Oral
1395	Oral
5382	Oral
9633	Infusion/IV/IM
6529	Oral
1820	Oral
6605	Oral
6604	Oral
6530	Oral
6422	Oral
7242	Oral
1660	Infusion/IV/IM
2266	Infusion/IV/IM
9132	IV/IM
3354	IM
6505	IV/IM
9129	IV/IM
5717	Infusion/IV/IM
6786	IM
6787	IV
6891	IV/IM
7618	IV
11034	IM
11721	IM
11722	IV/IM
11723	IM
11724	IV
5202	IM
7819	IM
1618	IM
1570	Infusion/IV
1571	IM
755	Infusion/IV
9696	IM
11583	IM
11835	IV/IM
11836	IV/IM
2271	Infusion/IV/IM
6784	IV
6785	IM
6892	IV/IM
7617	IV
10075	IM
10928	IM
10929	IV
10930	IV/IM
10931	IV
10932	IM
11720	IV/IM
5201	IM
6912	Infusion/IV/IM
9144	Infusion/IV/IM
7818	IM
7923	IM
7779	Infusion/IV
9127	IV/IM
3263	IM
1617	IM
5716	IV/IM
2332	Infusion/IV
9697	IM
8876	Infusion/IV
1062	Oral
8879	Oral
5245	Oral
753	Oral
1682	Oral
1124	Oral
8880	Oral
1726	Oral
754	Oral
6512	Oral
3591	Oral
10647	Oral
6122	Oral
1122	Oral
8877	Oral
7837	Oral
9039	Oral
5697	Oral
1123	Oral
8878	Oral
1727	Oral
11860	Oral
6853	Oral
5763	Oral
3590	Oral
7677	Oral
5696	Oral
2910	Oral
2909	Oral
3987	Oral
8617	Oral
760	Oral
761	Oral
11471	Oral
3777	Oral
3560	Oral
3561	Oral
8840	Oral
8841	Oral
11307	Oral
7910	Oral
8227	Oral
8839	Oral
3851	Oral
11404	Oral
8340	Oral
9603	Infusion
5658	Infusion/IM
11318	Infusion/IM
8090	Infusion/IM
5277	Infusion/IM
5659	Infusion/IM
9332	Infusion/IM
10189	Infusion/IV
8143	Infusion/IV
6893	Infusion/IV
10904	Infusion/IV
10926	Infusion/IV
11562	Infusion/IV
10187	Infusion/IV
8142	Infusion/IV
6894	Infusion/IV
10903	Infusion/IV
10927	Infusion/IV
11563	Infusion/IV
10097	Infusion/IV
6542	Infusion/IV
6997	Infusion/IV
7198	Infusion/IV
11372	Infusion/IV
7021	Infusion/IV
6513	Infusion/IV
8181	Infusion
10994	IV/IM
11739	Infusion
11358	Infusion
5626	Infusion
9886	Infusion
6254	Infusion 
6776	Infusion 
7984	Infusion
10096	Infusion
10071	Infusion
8912	Infusion
4614	Oral
11509	Oral
4584	Oral
4585	Oral
1765	Oral
1766	Oral
4390	Oral
7168	Oral
1860	Oral
9579	Oral
6410	Oral
1861	Oral
5331	Oral
1557	Oral
9578	Infusion 
9581	Oral
5967	Oral
9582	Oral
6047	Oral
9580	Oral
1362	Oral
5590	Oral
1721	Oral
5207	Oral
7136	Oral
6947	Oral
5981	Oral
7358	Oral
9513	Oral
1363	Oral
1720	Oral
1835	Oral
7454	Oral
5617	Oral
4258	Oral
808	Oral
5206	Oral
7359	Oral
9514	Oral
9593	Oral
7436	Oral
411	Oral
412	Oral
8379	Oral
6404	Infusion/IV/IM
8751	IV/IM
2941	Infusion/IV/IM
11614	Infusion/IV/IM
11613	Infusion/IV/IM
10853	Infusion/IV/IM
6180	Infusion
2739	IV/IM
8745	IV/IM
8399	Infusion/IV/IM
3594	Oral
4450	Oral
2295	Oral
6307	Oral
1662	Oral
1819	Oral
1840	Oral
1139	Oral
786	Oral
3956	Oral
3464	Oral
7952	Oral
8991	Oral
3166	Oral
5310	Infusion 
7093	Infusion 
11162	Infusion
5931	Infusion 
3939	Infusion 
7898	Infusion 
9397	Infusion 
9916	Infusion
5938	Infusion 
7092	Infusion 
4327	Oral
10876	Infusion 
7401	Infusion
5694	Infusion
11568	Infusion
7216	Infusion
9426	Infusion
9571	Infusion
10875	Oral
10746	Oral
10747	Oral
8739	Oral
7195	Oral
5270	Oral
11534	Oral
4434	Oral
2974	Oral
6059	Oral
7303	Oral
7847	Oral
7233	Oral
9223	Oral
10745	Oral
7196	Oral
5271	Oral
6143	Oral
11560	Oral
2198	Oral
2199	Oral
6917	Oral
9666	Oral
9221	Oral
11157	Oral
11403	Oral
5222	Infusion 
9656	Infusion
6473	Oral
11118	Oral
11119	Infusion
8397	Oral
4357	Oral
8010	Oral
7250	Infusion
1630	IV
6322	Infusion 
5366	Infusion/Oral
6406	Infusion
7615	Infusion
8774	Infusion
11569	Infusion
9669	Infusion
10128	Infusion
5709	Infusion/IV/IM/intraperitoneal
7985	IV/IM
3203	Infusion/IV/IM/intraperitoneal
7986	IV/IM
9644	Infusion/Inhalation
9399	Infusion/Inhalation
9228	Infusion
10850	Infusion/Inhalation
11113	Infusion
5195	Oral
11494	Oral
7591	Oral
5916	Oral
11164	Oral
6460	Infusion
11765	Infusion
11369	Infusion
11789	Infusion
6844	Oral
9412	Oral
11618	Oral
9985	Infusion 
5309	Infusion 
9396	Infusion
9777	Infusion
4737	Oral
4326	Oral
3588	Oral
4735	Oral
10561	Oral
5987	Oral
4324	Oral
7287	Oral
9101	Oral
7137	Oral
8613	Oral
5146	Oral
10670	Oral
4736	Oral
7214	Oral
6030	Oral
5196	Oral
1865	Oral
4325	Oral
5381	Oral
7286	Oral
9100	Oral
10546	Oral
4419	Oral
4420	Oral
7204	Oral
7205	Oral
6922	Oral
11293	Oral
11600	Oral
10910	Oral
11294	Oral
10525	Infusion
11292	Infusion
9817	Oral
10516	Oral
10517	Infusion
6965	Infusion
11313	Infusion
11297	Infusion
6966	Infusion
11314	Infusion
11296	Infusion
10116	Infusion 
10986	Infusion
10985	Infusion
10595	Infusion
688	Infusion 
11752	Infusion
11204	Infusion
511	Oral
4405	Oral
4285	Oral
4286	Oral
9474	Oral
9475	Oral
10253	Infusion 
9217	Oral
9218	Oral
8763	Oral
9010	Oral
5291	Oral
7120	Oral
11604	Oral
9819	Oral
9069	Oral
10772	Infusion
7342	Oral
10039	Oral
7343	Oral
10074	Oral
9933	Oral
9821	Oral
10100	Oral
10591	Oral
5293	Oral
10712	Oral
10688	Oral
10133	Oral
10634	Oral
10353	Oral
10822	Oral
10711	Oral
10689	Oral
10134	Oral
10633	Oral
10352	Oral
9327	Oral
7339	Oral
7349	Oral
10160	Oral
6443	Respiratory
1602	Oral
10380	Oral
5449	Oral
4682	Oral
9322	Oral
9935	Oral
9934	Oral
7341	Oral
10018	Oral
9930	Oral
7340	Oral
10351	Oral
8067	Oral
7344	Oral
9167	Oral
9931	Oral
9900	Oral
10161	Oral
11410	Oral
8304	Oral
10268	Oral
10303	Oral
10640	Infusion
10063	Infusion
3272	Infusion 
9185	Infusion
6909	Infusion
7075	Infusion
6299	Infusion/SC
10064	Infusion
6631	Infusion
3273	Infusion 
7318	Infusion 
9184	Infusion
7074	Infusion
10062	Infusion
6632	Infusion
3274	Infusion 
9186	Infusion
9716	SC
9717	SC
10478	SC
10479	SC
9718	SC
10065	Infusion
6723	IM
4029	IV/IM
6865	IM
8982	IM
7283	IM
9031	IM
9032	IM
11059	IM
11750	IM
11749	IM
11581	IM
6584	IM
11243	IM
11066	IM
6451	IM
8848	IM/SC
10310	IM
6002	IM
10886	IM
11308	IM
11304	IM
10497	IM/SC
10950	IM
1271	Oral
6466	Oral
6467	Oral
10277	IM/SC
9809	IM/SC
3188	IM/SC
32	IM
10584	IM
8453	IM
28	IM
33	IM
5673	IM
9073	IM
11056	IM
11167	IM
3951	IM/SC
10164	SC
8455	SC
9004	IM
11058	IM
5950	Oral
6634	Oral
10899	Oral
11057	Oral
31	SC
8947	SC
11168	SC
8737	IM
5134	Oral
5733	IM
34	IM
10498	IM
5394	IM
8675	IM
8454	IM
513	Infusion 
516	Infusion 
8942	Infusion
9104	Infusion
7587	Infusion
11804	Infusion
8943	Infusion
11631	Infusion
9103	Infusion
9333	Infusion
10785	Infusion
8715	Oral
9583	Oral
9056	Oral
11608	Oral
8714	Oral
10262	Oral
9055	Oral
11605	Oral
8713	Oral
9054	Oral
11607	Oral
10263	Oral
9053	Oral
11606	Oral
7865	Infusion/IV
7867	Infusion
6206	Parenteral
9765	Infusion/IM/Intraarterial/Intrathecal
10494	Infusion 
9444	Infusion
10989	Infusion
11570	Infusion
10995	Infusion 
11263	Infusion
11223	Infusion
11224	Infusion
11007	Infusion
10495	Infusion
10990	Infusion
11009	Infusion
11222	Infusion
6962	Oral
6562	Infusion/SC
7068	Infusion/SC
10977	Oral
5679	Infusion/IV
11012	Infusion/IV
7266	Infusion
3358	Infusion/IV/SC/intrathecal
5327	Infusion/IV/SC/intrathecal
8733	Infusion/IV
8814	Topical
11524	Infusion
11010	Infusion
5798	Infusion
7050	Infusion
5091	Infusion 
10974	Infusion
7444	Infusion
11523	Infusion
11011	Infusion
5779	Infusion
7051	Infusion
5092	Infusion 
10955	Infusion
11510	Oral
8479	Oral
9326	Oral
11620	Oral
11152	Oral
11266	Oral
5766	Oral
8016	Oral
11267	Oral
11477	IV/SC
11875	SC
11177	SC
10154	IV/SC
11270	SC
10683	IV/SC
10920	SC
6497	Infusion
11542	Infusion
9051	Oral
9052	Oral
7452	Infusion
5153	Infusion 
2805	Oral
2813	Oral
2511	Infusion 
6779	Infusion 
6652	Infusion
7369	Infusion
11521	Infusion 
6650	Infusion
10960	Infusion
10657	Infusion 
7367	Infusion
6651	Infusion
10656	Infusion 
7368	Infusion
3577	Infusion 
10959	Infusion
10655	Infusion 
11001	Infusion
1779	Infusion 
11069	Infusion 
8735	Infusion
5866	Infusion
1731	Infusion 
11268	Infusion
1780	Infusion 
11068	Infusion 
8734	Infusion
5867	Infusion
3576	Infusion 
11865	Infusion
8701	Infusion
10672	Infusion
8862	Infusion 
11520	Infusion 
5193	Infusion 
10654	Infusion 
1732	Infusion 
6906	Infusion
6464	Infusion
10216	Infusion
6463	Infusion
10217	Infusion
10715	Infusion
2480	Infusion/IV
7726	Infusion
10684	Infusion 
2479	Infusion/IV
11020	Infusion 
10996	Infusion
6653	Infusion/IV
6654	Infusion/IV
11601	Infusion 
3952	Infusion 
7551	IV/IM/SC
7397	Oral
8210	Oral
10952	Oral
10956	Oral
11264	Oral
7294	Oral
4041	Oral
7884	Oral
7396	Oral
7491	Oral
7308	Oral
10951	Oral
10957	Oral
10958	Oral
11265	Oral
7296	Oral
4017	Oral
11103	Oral
11133	Oral
10963	Oral
11006	Oral
4018	Oral
11104	Oral
11132	Oral
10965	Oral
11005	Oral
11105	Oral
11131	Oral
10964	Oral
11004	Oral
10961	Oral
10962	Oral
5120	Oral
6207	Oral
9910	Oral
9911	Oral
9912	Oral
11586	Oral
11587	Oral
6238	Oral
10823	Oral
10728	Oral
10135	Oral
10821	Oral
10031	Oral
10564	Oral
10820	Oral
10032	Oral
10565	Oral
8836	Oral
6951	Oral
9727	Oral
9728	Oral
9459	Oral
10442	Oral
10443	Oral
10444	Oral
10036	Oral
10035	Oral
8520	Oral
10663	Oral
11271	Oral
11452	Oral
8521	Oral
10664	Oral
11272	Oral
11453	Oral
11454	Oral
8522	Oral
10665	Oral
11273	Oral
9993	Oral
9674	Oral
9675	Oral
9676	Oral
5897	Oral
10482	Oral
11381	Oral
6930	Oral
10483	Oral
11382	Oral
10481	Oral
11380	Oral
10824	Oral
11837	Oral
11479	Oral
11838	Oral
11480	Oral
11839	Oral
11481	Oral
10317	Oral
10318	Oral
10596	Oral
11623	Oral
10597	Oral
11002	Oral
11003	Oral
11014	Oral
10486	Oral
11769	Oral
10708	Oral
10487	Oral
11770	Oral
10488	Oral
11771	Oral
10709	Oral
5319	Oral
8792	Oral
8791	Oral
10007	Oral
9629	Oral
9630	Oral
9631	Oral
8720	Oral
8719	Oral
8525	Oral
8524	Oral
9659	Oral
10293	Oral
10810	Infusion
11668	Infusion
5574	Infusion 
11602	Infusion
9384	Infusion
11622	Infusion
10673	Infusion
10029	Infusion
10809	Infusion
11669	Infusion
5573	Infusion 
11603	Infusion
9383	Infusion
9385	Infusion
11621	Infusion
10674	Infusion
10030	Infusion
8201	Infusion
9688	Infusion
8899	Infusion
10905	SC
10326	Infusion
8053	Infusion 
9458	Infusion 
10653	Infusion
9394	Infusion 
11519	Infusion
11584	
10212	Infusion
10327	Infusion
10652	Infusion
10211	Infusion
10044	Infusion 
7629	Infusion
7753	Infusion
7754	Infusion
5502	Infusion
7237	Infusion
7238	Infusion
8331	Infusion
8332	Infusion
8239	Infusion
10033	Infusion
11729	Infusion
10034	Infusion
11728	Infusion
10358	Infusion
8901	Infusion
10381	Infusion
5555	Infusion 
6110	Infusion 
11596	Infusion
10794	Infusion
11667	Infusion
10520	Infusion
10325	Infusion
10249	Infusion
5554	Infusion 
6109	Infusion 
11597	Infusion
11666	Infusion
10795	Infusion
10519	Infusion
10324	Infusion
10287	Infusion
8492	Infusion
8493	Infusion
10226	Infusion
7938	Infusion
7970	Infusion
8498	Infusion
6655	Infusion
6656	Infusion
6405	Infusion
2250	Infusion 
6469	Infusion
7670	Infusion 
6903	Infusion
8488	Infusion
6383	Infusion
10954	Infusion
10661	Infusion 
5150	Infusion 
11522	Infusion
8487	Infusion
6384	Infusion
10953	Infusion
6325	Infusion 
10660	Infusion 
9498	IV/SC
10328	IV/SC
9386	IV/SC
10687	IV/SC
9477	IV/SC
11619	IV/SC
10598	IV/SC
11269	IV/SC
10819	IV/SC
8499	Infusion
9172	Oral
9173	Oral
9174	Oral
8338	Oral
10371	Oral
10372	Oral
9831	Oral
9832	Oral
11317	Infusion
9300	Infusion
7495	Oral
2465	Oral
11129	Oral
10583	Infusion/IV
10545	Oral
9331	IV
7586	Infusion
11806	Infusion
7638	Infusion
11807	Infusion
9153	Oral
9152	Oral
9175	Oral
9176	Oral
11169	SC
11170	SC
1646	SC
5613	SC
2806	SC
2810	IM
2811	IM
5610	SC
5611	IM
11242	Oral
10450	Oral
11207	Oral
6863	IM
10988	IM
10449	IM
11511	Oral
8881	Oral
11016	Oral
11630	Oral
5889	Oral
5158	Oral
11512	Oral
7960	Oral
11558	Oral
9626	Oral
11677	Oral
10645	Oral
10916	Oral
11165	Oral
11017	Oral
7650	Oral
8530	Oral
5614	Oral
890	Oral
7317	Oral
6236	Oral
7306	Oral
7268	Oral
7694	Oral
11876	Oral
11019	Oral
11013	Oral
8979	Oral
7440	Oral
10599	Oral
7688	Oral
11629	Oral
6231	SC
6232	SC
10966	Oral
10993	Oral
11432	Oral
10796	Oral
9365	Oral
11691	Oral
11552	Oral
5343	IV/SC
1097	Infusion/SC
7965	Infusion/SC
11493	Infusion/IV
6305	Infusion
10777	Infusion
7966	SC
10448	SC
3348	SC
10867	SC
3426	SC
10088	SC
10868	SC
11543	IM
10084	IM
10723	SC
10724	SC
11463	SC
11462	SC
7276	Intravesical
9046	Intravesical
9272	SC
7267	SC
11200	SC
9917	Infusion
10518	Oral
3906	Oral
3907	Oral
5090	Oral
7644	Oral
11707	Oral
7348	Oral
2156	Oral
10499	Oral
2157	Oral
10500	Oral
5116	Oral
5117	Oral
10731	Infusion
6306	Oral
11319	Oral
10373	Oral
9783	Oral
11532	Oral
11893	Oral
11482	Oral
8892	Oral
11483	Oral
7849	Oral
11044	Oral
11431	Oral
10541	Oral
11378	Oral
10540	Oral
11379	Oral
8398	Infusion
10627	SC
10628	SC
9549	Infusion
9407	Oral
9408	Oral
10629	Oral
10630	Oral
10631	Oral
10374	Oral
10677	SC
10377	SC
10398	SC
10399	SC
9755	SC
9756	SC
10410	SC
10397	SC
9757	SC
11598	SC
11599	SC
10266	Infusion
4028	Infusion 
9859	Infusion 
11284	SC
11288	SC
11289	SC
11285	SC
11286	SC
11287	SC
11325	SC
11326	SC
11585	SC
10085	SC
9597	SC
9748	SC
9749	SC
10282	SC
10281	SC
7533	Infusion/IV
7323	SC
8788	SC
9150	Infusion
5900	Infusion
8202	SC
5901	Infusion
5902	Infusion
8441	SC
8944	SC
9550	SC
10625	SC
10195	SC
11112	SC
845	Infusion 
868	Oral
867	Oral
869	Oral
870	Oral
8194	Oral
9806	Oral
7118	Oral
8195	Oral
9807	Oral
7119	Oral
8196	Oral
9805	Oral
7117	Oral
7641	Oral
7640	Oral
7642	Oral
7639	Oral
7506	Oral
11588	Oral
7404	Oral
5596	Oral
8063	SC
5599	IV/IM/SC
8064	SC
8065	SC
8066	SC
6055	Oral
11052	Oral
10997	Oral
11261	Oral
10182	Oral
6056	Oral
11555	Oral
11053	Oral
10999	Oral
11262	Oral
10183	Oral
10725	Oral
6057	Oral
11556	Oral
11054	Oral
10998	Oral
10185	Oral
10726	Oral
6058	Oral
11557	Oral
11055	Oral
11000	Oral
11260	Oral
10184	Oral
10727	Oral
11033	Oral
11547	Oral
11549	Oral
10730	Oral
11377	Oral
10729	Oral
11375	Oral
11181	Oral
4602	Oral
4306	Rectal
4603	Rectal
57	IM
1822	Oral
4595	Oral
11183	Oral
1278	Oral
7664	Oral
9479	Oral
6320	Oral
11648	Oral
11649	Oral
5109	Oral
796	Oral
1823	Oral
4402	Oral
1277	Oral
7595	Oral
530	Oral
10846	Rectal
11884	Rectal
8707	Infusion/IM
1402	IM
9288	IV/IM
11883	IM
9889	IM
11474	IM
7594	IM
11476	IM
8610	IM
7665	Oral
3993	Oral
10423	Rectal
1812	Rectal
767	Oral
11647	Oral
10091	Oral
5180	Oral
1497	Oral
3486	Oral
1735	Oral
2107	IV/IM
10260	IV/IM
1736	IV/IM
482	Oral
9263	Oral
9436	Oral
5325	Oral
9416	IM
9354	Oral
5216	Oral
10859	IM
11216	IM
7624	IM
7659	IM
4458	Oral
11206	IM
8726	Ophtalmic
1177	Oral
7535	Oral
9544	IV/IM
7706	Oral
5734	Oral
11829	Oral
3435	Oral
5914	Oral
10892	Oral
10891	Oral
10294	Oral
7328	Oral
10889	Oral
10295	Oral
4597	Oral
11697	Oral
4456	Oral
3433	Oral
5735	Oral
3747	Oral
6310	Oral
11487	Infusion
11661	Infusion
9915	Oral
10914	Oral
9523	Oral
11450	Oral
11486	Infusion
11488	Infusion
7919	Oral
1137	Oral
7920	Oral
9823	oral
10193	Rectal
6252	Oral
3086	Oral
11409	IM
6248	Oral
2581	Rectal
9216	Infusion
10073	Oral
11298	Oromucosal
3651	Oral
8508	Oral
10662	Oral
11117	Oral
11817	Oral
6768	Infusion/IM
11354	Infusion/IM
11116	IV/IM
10887	Oral
7417	Oral
10010	Oral
1543	Oral
7345	Oral
9442	Oral
8222	Oral
3596	Oral
11202	Oral
11706	Oral
10427	Oral
11201	Oral
7246	Oral
8463	Oral
8526	Oral
8433	Oral
11894	Oral
7176	Oral
8464	Oral
10504	Oral
10214	Oral
9099	Oral
10668	Oral
9281	Oral
10117	Oral
10025	Oral
10505	Oral
10213	Oral
11550	Oral
11551	Oral
9098	Oral
10667	Oral
9282	Oral
10118	Oral
10070	Oral
10506	Oral
10348	Oral
10015	Oral
9097	Oral
10666	Oral
9283	Oral
10024	Oral
10480	Oral
5419	Oral
11753	Oral
571	Topical
4661	Topical
3683	Topical
11553	Topical
11867	Topical
11419	Topical
1403	Topical
1832	Topical
8068	Topical
1725	Topical
9638	Topical
3484	Topical
765	Transdermal
10200	Topical
10201	Topical
8461	Topical
6054	Oral
8869	Oral
9839	Transdermal
9841	Transdermal
2869	Infusion/IV
11238	Infusion/IV
11845	Infusion/IV
9489	Infusion/IV
9766	Infusion/IV
363	IM/SC
11440	IM/SC
6645	IM/SC
8674	IM
7646	IM/SC
3626	IM/SC
7957	IM/SC
7956	IM/SC
8673	IM
8822	Oral
10800	Oral
7738	Oral
10156	Oral
10321	Oral
4639	Oral
6623	Oral
7152	Oral
8573	Oral
4652	Oral
4653	Oral
7602	Oral
7305	Oral
10080	Oral
10081	Oral
6675	Oral
6676	Oral
5683	Oral
11641	Oral
11679	Oral
9041	Oral
11089	Oral
974	Oral
9040	Oral
11091	Oral
4725	Oral
975	Oral
11090	Oral
9602	Oral
10691	Oral
10098	Oral
10924	Oral
10680	Oral
9590	Oral
10690	Oral
10099	Oral
10923	Oral
10679	Oral
10163	Oral
10678	Oral
8692	Oral
10793	Oral
8366	Oral
5462	Oral
5542	Oral
9857	Oral
5253	Oral
4453	Oral
8214	Oral
10079	Oral
9970	Oral
6549	Oral
10157	Oral
9972	Infusion 
9971	IV
8175	Oral
7194	Oral
5791	Oral
7163	Oral
9008	Oral
7576	Oral
8785	Oral
3999	Infusion 
9818	Infusion
8925	Infusion
8478	Infusion
8527	Infusion
8015	Infusion
11499	Infusion 
10825	Infusion
5776	Oral
9768	Oral
1872	Oral
8921	SC
9731	SC
10622	SC
2731	Oral
554	Intraarticular
5671	Respiratory
10485	Respiratory
9577	Respiratory
3528	IV
8857	IV/Epidural
8865	Infusion/IV
8922	Infusion/IV
8856	Infusion/IV/Epidural
5962	Infusion/IV/Epidural
5963	Infusion/IV/Epidural
8102	Infusion/IV
9423	Infusion/IV
8101	Infusion/IV
9422	Infusion/IV
8641	Infusion/IV/IM
6536	Infusion
6812	Infusion
10108	Infusion
10755	Intrathecal
11120	Intrathecal
4021	Injectable route (except IV route)
4022	Injectable route (except IV route)
7742	Topical
8661	Parenteral
8663	Parenteral
8662	Parenteral
2736	Parenteral
9622	Parenteral
9623	Parenteral
2735	Parenteral
9880	Parenteral
11696	IV/SC
8743	Intraoral
7101	IM
7026	Intraoral
7645	Intraoral
9856	Topical
7743	Topical
9227	Intraoral
557	Intraoral
10940	Intraoral
10008	Intraoral
3632	Oral
3633	Oral
3634	Oral
2280	Parenteral
9389	Parenteral
11153	Parenteral
11665	Oral
7941	Oral
7943	Oral
7942	Oral
8107	IV/SC
11710	IV/IM
4545	Rectal
9205	IV/IM/SC
5521	Transdermal
5661	Transdermal
5662	Transdermal
10001	Nasal
10002	Nasal
9059	Sublingual
9058	Sublingual
5047	IV/IM/SC
197	Oral
10400	Oral
6484	Oral
10858	Rectal
10896	Oral
7913	Oral
6886	Oral
6374	Oral
9698	Oral
10038	Oral
7918	Oral
8011	IV/IM/SC
5043	IV/IM/SC
10019	Infusion
572	IV/IM/SC
7951	Oral
7949	Oral
7950	Oral
8013	Oral
10912	Oral
7635	Oral
7709	Oral
10857	Oral
196	Oral
9948	Oral
7434	Oral
11332	Oral
9941	Oral
9945	Oral
9947	Oral
3740	Oral
7307	Oral
10441	Oral
10750	Oral
10797	Oral
10669	Oral
10198	Oral
4535	Oral
4537	Oral
4617	Oral
10197	Oral
8655	Oral
11816	Oral
6347	Oral
11333	Oral
10126	Oral
8801	Oral
10556	Oral
6394	Rectal
4630	Rectal
6395	Rectal
3434	Rectal
11083	Rectal
11241	Rectal
8658	Rectal
3436	Rectal
11084	Rectal
4629	Rectal
3371	Rectal
11085	Rectal
11240	Rectal
8659	Rectal
6396	Rectal
9946	Oral
11081	Oral
4536	Oral
4616	Oral
4455	Oral
8651	Oral
11428	Oral
1341	Oral
5769	Infusion
7614	Infusion
9369	Infusion
10754	Infusion
8092	Infusion
8372	Infusion
5905	Infusion
5768	Infusion
6636	Infusion
11571	Infusion
11301	Infusion
11323	Infusion
9906	Oral
10127	Oral
11681	Infusion
11732	Infusion
1709	Oral
11192	Oral
8654	Oral
1157	Oral
4572	Rectal
10270	Oral
8653	Oral
7180	Oral
11676	Oral
11849	Oral
7415	Oral/Respiratory
4438	Oral
7611	Oral
9942	Oral
9943	Oral
8685	Oral
8711	Oral
11831	
10304	Oral
10544	Oral
11716	Oral
10869	Oral
10438	Oral
11072	Oral
11086	Rectal
11087	Rectal
11205	Oral
6113	Oral
11595	Oral
5879	Oral
4624	Rectal
6060	Infusion/IV/IM
9691	IM
10748	Respiratory
9704	Oral
9703	Oral
7728	Oral
9271	Oral
9923	Oral
9542	Oral
10527	Oral
9833	SC
9922	SC
9492	Oral
10046	Oral
103	Oral
9315	Infusion/IV
11660	Infusion/IV
11305	Oral
11306	Oral
983	Oral
531	Oral
49	Oral
6953	Oral
10119	Oral
2985	Oral
53	Oral
2980	Oral
2979	Oral
529	Oral
2977	Oral
2986	Infusion/IV
2987	Oral
528	Oral
8159	Oral
9126	Oral
8138	Infusion/IV
3265	Oral
8766	Oral
10539	Oral
5827	Oral
5942	Oral
4433	Oral
6527	Oral
8764	Oral
10538	Oral
7835	Oral
6526	Oral
8765	Oral
9810	Oral
5826	Oral
6528	Oral
10455	Oral
5177	Oral
7010	Oral
10456	Oral
6271	Oral
7011	Oral
10509	Oral
6272	Oral
6359	Oral
6635	Oral
9799	Oral
6311	Oral
8704	Oral
6622	Oral
6570	Oral
6324	Oral
6689	Oral
9798	Oral
6312	Oral
8705	Oral
6621	Oral
6569	Oral
6327	Oral
6620	Oral
11644	Oral
10535	Oral
11851	Oral
8481	Oral
8809	Oral
7350	Oral
10536	Oral
8561	Oral
11850	Oral
8482	Oral
8810	Oral
11426	Oral
6919	Oral
6721	Oral
10537	Oral
8562	Oral
8483	Oral
8811	Oral
11427	Oral
10790	Oral
6722	Oral
6887	Oral
9822	Oral
11158	Oral
10148	Oral
9634	Infusion
9519	Infusion
9520	Infusion
6007	Oral
5364	Oral
7858	Oral
6879	Oral
5538	Oral
8390	Oral
9615	Oral
9664	Oral
6008	Oral
8223	Oral
5365	Oral
9297	Oral
7857	Oral
6880	Oral
11811	Oral
5537	Oral
8389	Oral
8883	Oral
9613	Oral
9663	Oral
5387	Oral
9614	Oral
7346	Oral
8738	Oral
7732	Oral
6164	Oral
8388	Oral
9612	Oral
7469	Oral
10847	Oral
7470	Oral
10849	Oral
7471	Oral
7472	Oral
10848	Oral
7707	Infusion
11882	Infusion
7708	Oral
8347	Oral
8348	Oral
8349	Oral
8350	Oral
8351	Oral
9846	Oral
9847	Oral
9848	Oral
4376	Oral
4337	Oral
10789	Oral
7228	Oral
10788	Oral
9123	Oral
9122	Oral
9124	Oral
1167	Oral
4552	Oral
2365	Oral
11386	Oral
2366	Oral
11387	Oral
5806	Oral
5807	Oral
5808	Oral
9242	SC
10978	Infusion
9450	Transdermal
9451	Transdermal
9452	Transdermal
9453	Transdermal
9767	Oral
10331	Oral
10330	Oral
4581	Oral
11330	Oral
4418	Oral
4457	Oral
9871	Oral
4425	Oral
9913	IM
4424	Oral
4427	Oral
4428	Oral
11197	Oral
11735	Oral
11196	Oral
11736	Oral
11195	Oral
11737	Oral
1253	IM
1255	IM
8783	Oral
9855	Oral
5306	Oral
7689	Oral
5274	Oral
7680	Oral
8830	Oral
5785	Oral
6295	Oral
8998	Oral
7362	Oral
9516	Oral
7394	Oral
11537	Oral
9279	Oral
6934	Oral
5548	Oral
6294	Oral
8999	Oral
7363	Oral
9515	Oral
7395	Oral
11538	Oral
9280	Oral
6935	Oral
5335	Oral
5549	Oral
8831	Oral
5784	Oral
9541	Oral
8382	Oral
8383	Oral
8515	Oral
8242	Oral
10702	Oral
8516	Oral
8243	Oral
10703	Oral
8384	Oral
8385	Oral
8244	Oral
10686	Oral
8245	Oral
7856	Oral
11077	Oral
7982	Oral
10706	Oral
11079	Oral
7855	Oral
8386	Oral
8387	Oral
11078	Oral
3077	Oral
7585	Oral
8575	Oral
10900	Oral
2650	Oral
10521	Oral
5802	Oral
5958	Oral
11074	Oral
2669	Oral
9879	Oral
5520	Oral
5522	Oral
4070	Oral
10522	Oral
4398	Oral
5524	Oral
5042	Oral
11075	Oral
4071	Oral
10523	Oral
4399	Oral
5523	Oral
5040	Oral
11076	Oral
8261	Oral
8262	Oral
8263	Oral
8264	Oral
10698	Oral
11639	Oral
9649	Oral
11107	Oral
7647	Oral
11572	Oral
9651	Oral
10699	Oral
11640	Oral
9650	Oral
11108	Oral
7648	Oral
11573	Oral
9648	Oral
11106	Oral
10430	Oral
9325	IM
9164	Oral
9162	Oral
9163	Oral
6797	IM
6798	IM
6799	IM
6800	IM
8894	IM
8895	IM
8896	IM
8897	IM
10843	Oral
10842	Oral
10841	Oral
10840	Oral
10431	Oral
10432	Oral
10433	Oral
10434	Oral
11464	Oral
2427	IV/IM
9494	Infusion/IV
4623	Oral
4435	Oral
4436	Oral
10610	Oral
4364	Oral
10609	Oral
10947	Oral
8793	Oral
11094	Oral
4332	Oral
2350	Oral
8095	Oral
11095	Oral
4239	Oral
8094	Oral
10105	Oral
8863	IV/IM/Infusion/rectal
570	IV/IM/Infusion/rectal
6850	IV/IM/Infusion/rectal
6995	IV/IM/Infusion/rectal
8587	IV/IM/Infusion/rectal
8864	IV/IM/Infusion/rectal
3909	IV/IM/Infusion/rectal
10844	Oral
5416	Oral
5417	Oral
3376	Infusion
10023	Infusion
10919	Infusion
10022	Infusion
4401	Oral
4565	Oral
4566	Oral
4242	Oral
4243	Oral
4404	Oral
4406	Oral
4516	Oral
4517	Oral
4519	Oral
5275	Oral
11060	Oral
4262	Oral
1857	Oral
1531	Oral
4464	Oral
1672	Oral
1256	Oral
6389	Oral
6895	Oral
6606	Oral
6001	Oral
6884	Oral
6538	Oral
5223	Oral
6003	Oral
7488	Oral
6885	Oral
6607	Oral
6608	Oral
10319	Oral
11615	Oral
5464	Oral
5336	Oral
4355	Oral
5968	Oral
7371	Oral
11023	Oral
5289	Oral
5368	Oral
8377	Oral
5672	Oral
11024	Oral
3180	Oral
1248	Oral
8753	Oral
5823	Oral
11785	Oral
10811	Oral
7027	Oral
7223	Oral
8469	Oral
6258	Oral
5155	Oral
11786	Oral
10812	Oral
7609	Oral
8470	Oral
8754	Oral
11787	Oral
10813	Oral
7224	Oral
8471	Oral
6358	Oral
11784	Oral
7225	Oral
8468	Oral
3047	Oral
8556	Oral
8823	Oral
5877	Oral
8300	Oral
11674	Oral
10593	Oral
11098	Oral
5088	Oral
8828	Oral
8824	Oral
8299	Oral
11673	Oral
10594	Oral
5089	Oral
8827	Oral
11097	Oral
5248	Oral
8829	Oral
7791	Oral
8342	Oral
9499	Oral
7790	Oral
8343	Oral
9500	Oral
8888	Oral
8889	Oral
7998	Oral
11213	Oral
7997	Oral
11215	Oral
7996	Oral
11214	Oral
10524	Nasal
11709	Nasal
885	Oral
10465	Oral
10466	Oral
10467	Oral
10468	Oral
9007	Oral
11102	Oral
7514	Oral
11101	Oral
7518	Oral
11100	Oral
7516	Oral
7515	Oral
11099	Oral
10855	Oral
11852	Oral
11738	Oral
8165	Oral
6197	Infusion/IV/IM
7878	Oral
9201	Oral
7559	Oral
8960	Oral
6088	Oral
8466	Oral
7360	Oral
10420	Oral
11018	Oral
11536	Oral
8961	Oral
6089	Oral
8467	Oral
7361	Oral
10419	Oral
11015	Oral
11535	Oral
8096	Oral
8177	Oral
8950	Oral
10417	Oral
8949	Oral
10416	Oral
5711	Transdermal
5710	Transdermal
8491	Transdermal
8951	Oral
10418	Oral
11028	Oral
11123	Oral
11029	Oral
11122	Oral
1241	Oral
7121	Oral
9284	Oral
8797	Oral
8419	Oral
5801	Oral
9285	Oral
8796	Oral
8420	Oral
2855	IV/IM/SC
8578	IV/IM/SC
8459	Oral
9362	Oral
11406	Sublingual
5688	Sublingual
5689	Sublingual
10716	SC
10717	SC
10718	SC
10719	SC
10720	SC
10721	SC
10722	SC
9553	Oral
9554	Oral
9699	Oral
10531	Oral
5175	Oral
11124	Oral
4722	Oral
4374	Oral
6387	Oral
4721	Oral
7792	Oral
5476	Oral
5969	Oral
4389	Oral
4582	Oral
2349	Oral
4095	Infusion/IV/IM
4097	Infusion/IV/IM
3340	Oral
11071	Oral
7078	Oral
11544	Oral
10227	Oral
4345	Oral
11693	Oral
4619	Oral
9575	Oral
11159	Oral
5833	Infusion
958	Infusion 
1191	Infusion 
2661	Infusion 
8402	Infusion 
11830	Infusion
11853	Infusion
11324	Infusion
1747	Oral
1686	Oral
3483	Oral
1746	Oral
1685	Oral
4611	Oral
6713	Oral
11803	Oral
5220	Oral
11643	Oral
10375	Oral
7289	Oral
9874	Oral
9406	Oral
9873	Oral
1351	Oral
1350	Oral
11754	Oral
6434	Oral
4569	Oral
4620	Oral
11768	Oral
10514	Oral
10515	Oral
4554	Oral
4633	Oral
4598	Topical
10056	Topical
4599	Topical
4547	Topical
8443	Nasal
10069	Nasal
10291	Nasal
11528	Nasal
10067	Nasal
10123	Nasal
10068	Nasal
11527	Nasal
11656	Nasal
10651	Nasal
1194	Nasal
6726	Nasal
8975	Nasal
8976	Nasal
10153	Nasal
10894	Nasal
5915	Nasal
7877	Nasal
10893	Nasal
3490	Nasal
6825	Nasal
9600	Nasal
7806	Nasal
6834	Nasal
5624	Nasal
11229	Nasal
8362	Nasal
6763	Nasal
1781	Nasal
11400	Nasal
5234	Nasal
5980	Nasal
11160	Nasal
11712	Nasal
4607	Nasal
9531	Nasal
9419	Oral
10252	Oral
4270	Oral
11235	Oral
11234	Oral
2576	Oral gingival
8144	Oral
8920	Oral
7744	Oral
3847	Oral
2634	Oral gingival
9842	Respiratory
1384	Respiratory
9019	Respiratory
603	Respiratory
4660	Oral
1383	Oral
5949	Respiratory
4354	Oral
5891	Respiratory
10805	Respiratory
9246	Respiratory
11578	Respiratory
10804	Respiratory
9247	Respiratory
10803	Respiratory
9248	Respiratory
11577	Respiratory
11126	Respiratory
5356	Respiratory
10898	Respiratory
11125	Respiratory
5357	Respiratory
1595	Respiratory
5250	Respiratory
11184	Respiratory
11185	Respiratory
5984	Respiratory
11186	Respiratory
11127	Respiratory
11128	Respiratory
6073	Respiratory
10115	Respiratory
7907	Respiratory
7908	Respiratory
9667	Respiratory
9668	Respiratory
7445	Respiratory
6474	Respiratory
2227	Respiratory
8435	Respiratory
6097	Respiratory
11751	Respiratory
10145	Respiratory
7989	Respiratory
8543	Respiratory
11067	Respiratory
11554	Respiratory
1179	Respiratory
10897	Respiratory
6158	Respiratory
5121	Respiratory
8800	Respiratory
9239	Respiratory
11717	Respiratory
6217	Respiratory
8782	Respiratory
9238	Respiratory
10162	Respiratory
10180	Respiratory
10179	Respiratory
10107	Respiratory
1878	Respiratory
1879	Respiratory
8374	Respiratory
2226	Respiratory
6120	Respiratory
2370	Respiratory
5625	Respiratory
5630	Respiratory
9245	Respiratory
7534	Respiratory
10862	Respiratory
4563	Oral
4636	Oral
2127	Infusion
4416	Oral
4583	Rectal
4593	Rectal
7730	Oral
7731	Oral
4350	Rectal
11359	Rectal
4351	Rectal
11357	Rectal
4638	Oral
1057	Oral
6992	Oral
11687	Oral
7771	Oral
6942	Oral
5353	Oral
7487	Oral
1058	Oral
7864	Oral
5161	Oral
6243	Oral
11688	Oral
7772	Oral
6293	Oral
6941	Oral
2973	Oral
7047	Oral
4082	Oral
6991	Oral
11686	Oral
7770	Oral
6940	Oral
5354	Oral
7486	Oral
8407	Oral
11890	Oral
5970	Oral
5971	Oral
5194	SC
10817	SC
10762	SC
10424	Rectal
10643	Oral
10768	Rectal
4541	Oral
4628	Oral
9537	Oral
7393	Oral
10649	Rectal
8952	Oral
9358	Oral
8847	Oral
9505	Oral
11695	Oral
8424	Oral
9860	Oral
9454	Oral
11862	
5912	Oral
5143	Oral
2288	Oral
9204	Oral
5913	Oral
4380	Oral
4650	Oral
4649	Oral
7530	Oral
1239	Oral
3491	Oral
9739	Oral
5859	Oral
11451	Oral
11227	Oral
9391	Oral
10013	Oral
6048	Respiratory
4290	Oral
4295	Oral
7285	Oral
10681	Oral
10125	Oral
7909	Oral
4370	Oral
6835	Oral
10124	Oral
9624	Oral
2289	Oral
3774	Rectal
3775	Rectal
1655	Oral
10296	Oral
4651	Oral
3592	Oral
4293	Oral
4294	Oral
10138	Oral
4395	Oral
8709	Oral
4396	Oral
8708	Oral
4564	Oral
4587	Oral
5021	Oral
5781	Oral gingival/Respiratory
9989	Oral
9990	Oral
9991	Oral
9992	Oral
10753	Oral
9685	IV/IM
1352	Oral
4540	Oral
5241	Oral
6762	Oral
10865	Oral
8748	Topical
4429	Oral
9927	Oral
6691	Oral
4589	Oral
4463	Oral
4622	Oral
11110	Oral
11334	Oral
2521	Oral
11664	Oral
4586	Oral
8634	Oral
6013	Oral
4387	Oral
1852	Oral
3853	Oral
8633	Oral
8284	Oral
8635	Oral
4388	Oral
3854	Oral
8833	Oral
7222	Oral
10792	Oral
11475	Oral
11421	Oral
7221	Oral
11497	Oral
8404	Oral
10742	Oral
10055	Oral
11036	Oral
9535	Oral
11038	Oral
5647	Oral
9196	Oral
5648	Oral
7922	Oral
4288	Oral
4331	Oral
8406	Oral
9657	Oral
3570	Oral
3959	Oral
5691	Oral
1491	Oral
803	Oral
8405	Oral
3960	Oral
804	Oral
484	Oral
10176	Oral
7255	Oral
5292	Oral
7256	Oral
5988	Oral
7509	Oral
11702	Oral
7562	Oral
8060	Oral
5159	Oral
6388	Oral
10743	Oral
11655	Oral
7304	Oral
6237	Oral
9747	Oral
5182	Oral
6986	Oral
5519	Oral
10744	Oral
11037	Oral
10901	Oral
7437	Oral
11874	Oral
8329	Oral
9746	Oral
9532	Oral
7257	Oral
9940	Oral
7502	Intratracheal
8456	Intratracheal
8457	Intratracheal
4061	Intratracheal
4524	Ophtalmic
4635	Ophtalmic
11309	Ophtalmic
7662	Ophtalmic
10801	Ophtalmic
8323	Ophtalmic
10220	Ophtalmic
7839	Ophtalmic
8957	Ophtalmic
11533	Ophtalmic
7057	Ophtalmic
3382	Ophtalmic
11436	Ophtalmic
9918	Ophtalmic
3963	Ophtalmic
7932	Ophtalmic
11032	Ophtalmic
9660	Ophtalmic
5240	Ophtalmic
11418	Ophtalmic
9829	Ophtalmic
9723	Ophtalmic
6694	Ophtalmic
11545	Ophtalmic
6993	Intravitreal
11439	Intravitreal
369	Ophtalmic
11435	Ophtalmic
5363	Ophtalmic
9764	Intravitreal
2451	Ophtalmic
7527	Ophtalmic
10332	Ophtalmic
8749	Ophtalmic
6752	Ophtalmic
11353	Ophtalmic
3525	Ophtalmic
9345	Ophtalmic
8363	Ophtalmic
6360	Ophtalmic
3962	Ophtalmic
4098	Ophtalmic
11730	Ophtalmic
11580	Ophtalmic
10089	Ophtalmic
7153	Ophtalmic
8750	Ophtalmic
11073	Ophtalmic
10831	Ophtalmic
3733	Intraocular
10016	Intraocular
11508	Oral
10972	Ophtalmic
11678	Ophtalmic
9661	Ophtalmic
9725	Ophtalmic
10942	Ophtalmic
9049	Ophtalmic
11863	Ophtalmic
11420	Ophtalmic
3961	Ophtalmic
579	Ophtalmic
4100	Ophtalmic
11438	Ophtalmic
5103	Ophtalmic
11423	Ophtalmic
9658	Ophtalmic
11093	Ophtalmic
10061	Ophtalmic
9820	Ophtalmic
1292	Ophtalmic
10542	Ophtalmic
9797	Ophtalmic
6187	Ophtalmic
11437	Ophtalmic
9724	Ophtalmic
11092	Ophtalmic
10832	Ophtalmic
7933	Ophtalmic
11675	Ophtalmic
7959	Ophtalmic
9050	Ophtalmic
11713	Ophtalmic
10014	Ophtalmic
3074	Ophtalmic
2520	Ophtalmic
7987	Ophtalmic
8502	Ophtalmic
6674	Ophtalmic
9662	Ophtalmic
11417	Ophtalmic
9677	Ophtalmic
11657	Ophtalmic
7555	Ophtalmic
5199	IV
5209	Intravitreal
7420	Intravitreal
10436	Ophtalmic
11708	Intravitreal
10261	Ophtalmic
11731	Ophtalmic
11659	Ophtalmic
3247	Ophtalmic
10856	Ophtalmic
3780	Otic
9182	Otic
4451	Otic
4245	Otic
6754	Otic
4513	Otic
5045	Otic
9607	Otic
8528	Otic
8059	Otic
2277	Otic
168	Otic
5725	Otic
6753	Ophtalmic/Otic
4631	Ophtalmic/Otic
4612	Ophtalmic/Otic
3792	Sublingual
3793	Sublingual
5860	Sublingual
5861	Sublingual
10601	Sublingual
10602	Sublingual
10603	Sublingual
10604	Sublingual
11187	Oral
966	IV
8155	IV
8853	Infusion/IV
9511	Oral
11411	Oral
9313	Oral
10710	Oral
11870	Oral
11762	Oral
11705	Oral
11868	Oral
11763	Oral
11704	Oral
11869	Oral
11764	Oral
1161	Oral/Rectal
9368	Oral/Rectal
7265	Oral
7310	Oral
8183	Oral
9782	Oral
10092	Oral
10979	Oral
10980	Oral
7596	Oral
518	Infusion/IV
11062	IV/IM
8503	IV/IM
11880	IV/IM
11320	IV/IM
6192	Oral
9038	Water for injection, irrigation
2492	Water for injection, irrigation
274	Water for injection, irrigation
275	Water for injection, irrigation
276	Water for injection, irrigation
2491	Water for injection, irrigation
4227	Water for injection, irrigation
4229	Water for injection, irrigation
11650	Water for injection, irrigation
10771	Water for injection, irrigation
11151	Water for injection, irrigation
4231	Water for injection, irrigation
4235	Water for injection, irrigation
4237	Water for injection, irrigation
4238	Water for injection, irrigation
11412	Water for injection, irrigation
11413	Water for injection, irrigation