MoPHCode	ProductType
7685	Brand
4648	Generic
6687	Generic
6868	Generic
9876	Brand
4811	Generic
5724	Brand
8324	Brand
9534	Generic
8169	Brand
10439	Brand
1415	Brand
1416	Brand
3345	Brand
5036	Brand
5037	Brand
9595	Brand
10207	Brand
4509	Generic
1808	Generic
1809	Generic
8825	Brand
10394	Generic
10395	Generic
9690	Generic
465	Generic
1544	Generic
1552	Generic
1553	Generic
1554	Generic
1555	Generic
1668	Generic
1811	Generic
1846	Generic
2504	Generic
3593	Generic
3660	Generic
4058	Generic
4271	Generic
4272	Generic
4452	Generic
6025	Generic
6026	Generic
6212	Generic
6233	Generic
6408	Generic
6939	Generic
7012	Generic
7750	Generic
7781	Generic
8240	Generic
8241	Generic
8302	Generic
8425	Generic
8507	Generic
8671	Generic
8773	Generic
8858	Generic
8923	Generic
9128	Generic
9181	Generic
9342	Generic
9574	Generic
9692	Generic
10147	Generic
1859	Generic
5179	Generic
5910	Generic
5911	Generic
5998	Generic
6149	Generic
6150	Generic
6151	Generic
6152	Generic
6571	Generic
6746	Generic
7197	Generic
7232	Generic
7793	Generic
8125	Generic
8868	Generic
10037	Generic
10082	Generic
10925	Generic
794	Generic
1728	Generic
2719	Brand
5144	Generic
6668	Generic
6669	Generic
6926	Generic
7613	Generic
8644	Generic
1867	Brand
1869	Brand
3757	Generic
3758	Generic
4830	Generic
4831	Generic
5079	Generic
5080	Generic
5081	Generic
5082	Generic
6398	Generic
6438	Generic
6439	Generic
7622	Generic
7734	Generic
7775	Generic
7776	Generic
7778	Generic
8472	Generic
8473	Generic
8474	Generic
8475	Generic
11049	Brand
11050	Brand
1510	Brand
1511	Brand
3539	Brand
6181	Brand
6264	Generic
6265	Generic
6924	Generic
6925	Generic
7571	Generic
7605	Generic
7606	Generic
7773	Generic
7774	Generic
7836	Generic
7840	Generic
8308	Generic
8309	Generic
8553	Generic
8980	Generic
9230	Generic
9264	Generic
9493	Generic
7582	Brand
7583	Brand
8127	Brand
8128	Brand
9652	Brand
9653	Brand
9654	Brand
9655	Brand
7663	Brand
5243	Generic
9700	Brand
3161	Generic
3512	Brand
8893	Brand
9974	Brand
10637	Brand
10854	Brand
6814	Brand
1862	Generic
5233	Generic
10581	Brand
3028	Generic
8608	Brand
3682	Brand
10221	Generic
1025	Brand
1026	Brand
1849	Brand
4501	Generic
10446	Brand
6740	Generic
7544	Brand
9110	Generic
10511	Generic
1523	Brand
1525	Brand
3970	Brand
7322	Generic
3058	Brand
2177	Generic
2179	Generic
4214	Generic
4236	Generic
4864	Generic
10557	Generic
10558	Generic
11027	Generic
1579	Generic
3119	Generic
3748	Generic
3749	Generic
7930	Generic
9086	Generic
9501	Brand
9502	Brand
4378	Generic
4415	Generic
4640	Generic
8410	Brand
9478	Generic
4336	Brand
7552	Brand
2481	Generic
4525	Generic
8547	Brand
8548	Brand
2793	Generic
3059	Brand
7713	Generic
8871	Generic
9087	Generic
9605	Generic
9733	Generic
1689	Generic
1847	Generic
1848	Generic
4447	Generic
5056	Generic
5999	Generic
6204	Generic
7455	Generic
9875	Brand
10461	Brand
9149	Generic
3969	Brand
4446	Generic
5312	Generic
5644	Generic
6380	Generic
7678	Generic
7679	Generic
7850	Generic
7851	Generic
8100	Generic
8643	Generic
8689	Generic
8690	Generic
8918	Brand
8958	Generic
8959	Generic
8962	Generic
9013	Generic
9090	Generic
9116	Brand
9117	Brand
9491	Generic
9591	Generic
9928	Generic
9987	Generic
9988	Generic
10336	Generic
10337	Generic
10435	Generic
10827	Generic
10902	Generic
10984	Generic
8436	Generic
8437	Generic
9015	Generic
9546	Brand
9852	Brand
11008	Generic
8286	Brand
8551	Brand
1453	Brand
1454	Brand
1455	Brand
9102	Brand
10342	Generic
10343	Generic
92	Brand
9890	Brand
9891	Brand
6353	Brand
2695	Brand
4502	Generic
9735	Brand
9738	Brand
10851	Generic
4503	Generic
4504	Generic
8603	Generic
6459	Brand
7973	Generic
10320	Generic
4495	Generic
3168	Brand
3595	Generic
2555	Brand
7548	Brand
1589	Generic
2557	Brand
9645	Brand
9646	Brand
6712	Generic
4548	Generic
4549	Generic
4551	Generic
6805	Brand
6806	Brand
10457	Brand
10458	Brand
4442	Generic
8844	Generic
9495	Generic
3754	Brand
3755	Brand
9446	Brand
2381	Generic
4421	Generic
10512	Brand
2251	Brand
2512	Brand
6943	Brand
9350	Brand
957	Generic
7651	Brand
10094	Brand
7160	Brand
8965	Brand
10833	Generic
10834	Generic
96	Brand
1008	Brand
1009	Brand
1260	Brand
3115	Brand
3116	Brand
5478	Brand
6253	Brand
6890	Brand
7846	Brand
8319	Brand
8320	Brand
8321	Brand
8775	Generic
9191	Brand
10339	Generic
10543	Brand
10682	Generic
10806	Brand
10807	Brand
10808	Brand
2714	Brand
7091	Brand
7637	Brand
169	Brand
3915	Brand
6494	Generic
8477	Brand
3938	Brand
8287	Brand
8288	Brand
8759	Generic
8760	Generic
9939	Brand
10095	Brand
6255	Generic
6285	Generic
6286	Generic
6375	Generic
6575	Generic
6883	Generic
7262	Generic
9241	Generic
9449	Brand
3206	Brand
5258	Brand
5346	BioTech
1038	BioTech
2018	BioTech
2023	BioTech
5060	BioTech
8497	BioTech
1028	BioTech
5844	BioTech
8948	BioTech
10592	BioTech
10619	BioTech
10981	BioTech
10983	BioTech
2017	BioTech
7190	BioTech
8087	BioTech
8113	BioTech
9456	BioTech
9457	BioTech
5262	BioTech
5263	BioTech
2019	BioTech
1037	BioTech
2029	BioTech
5061	BioTech
8088	BioTech
5842	BioTech
5843	BioTech
2016	BioTech
5846	BioTech
8085	BioTech
8111	BioTech
7961	BioTech
1039	BioTech
2025	BioTech
5057	BioTech
8496	BioTech
2124	BioTech
5264	BioTech
8413	BioTech
8414	BioTech
8907	BioTech
10292	BioTech
3979	BioTech
8089	BioTech
8112	BioTech
7239	BioTech
9825	BioTech
9828	BioTech
10559	BioTech
10560	BioTech
9165	BioTech
897	Generic
3684	Brand
3685	Brand
4300	Generic
4301	Generic
4642	Generic
4699	Brand
4700	Brand
5083	Generic
5084	Generic
5085	Generic
5115	Brand
5136	Generic
5137	Generic
5163	Generic
5693	Brand
5948	Generic
6031	Generic
6219	Brand
6270	Brand
8579	Generic
8580	Generic
8581	Generic
8582	Generic
9011	Generic
9012	Generic
9115	Generic
3677	Generic
4422	Generic
5172	Generic
3678	Brand
3919	Generic
6133	Brand
4728	Generic
4729	Generic
4730	Generic
4731	Generic
5096	Generic
5097	Generic
5098	Generic
5099	Generic
5122	Generic
5123	Generic
5124	Generic
5125	Generic
5399	Brand
5400	Brand
5401	Brand
5927	Generic
5929	Generic
5930	Generic
6437	Generic
6702	Generic
6703	Generic
6704	Generic
6705	Generic
6837	Generic
6838	Generic
6839	Generic
6840	Generic
8990	Brand
10879	Brand
10880	Brand
10881	Brand
10882	Brand
11040	Generic
11041	Generic
11042	Generic
3679	Brand
4302	Generic
4303	Generic
4701	Brand
4702	Brand
5086	Generic
5126	Generic
5341	Brand
5810	Generic
5847	Brand
7290	Brand
9705	Brand
9706	Brand
9707	Brand
5770	Brand
5771	Brand
7991	Brand
7992	Brand
7993	Brand
10314	Generic
10315	Generic
10316	Generic
10501	Generic
10502	Generic
10740	Brand
10741	Brand
8316	Brand
8317	Brand
8318	Brand
10758	Brand
8993	Brand
8994	Brand
8339	Brand
8489	Brand
10766	Generic
10767	Generic
11047	Brand
11048	Brand
7967	Brand
7968	Brand
9337	Brand
9339	Brand
9751	Brand
9752	Brand
9753	Brand
9754	Brand
9826	Brand
9827	Brand
8680	Brand
8681	Brand
8682	Brand
8683	Brand
10462	Brand
10463	Brand
10464	Brand
10469	Brand
10991	Generic
10992	Generic
9815	Brand
9816	Brand
9813	Brand
9814	Brand
2593	Brand
1340	Brand
5302	Generic
5345	Generic
5959	Brand
7048	Generic
8333	Generic
7871	Brand
10194	Generic
7832	Brand
11043	Generic
8571	Brand
8572	Brand
7926	Brand
10757	Brand
6755	Brand
10585	Generic
5758	BioTech
8854	BioTech
8083	BioTech
8084	BioTech
10918	BioTech
10987	BioTech
10041	Brand
10042	Brand
10043	Brand
8253	Brand
8971	Brand
8972	Brand
8203	Brand
8204	Brand
10781	Generic
10782	Generic
9811	Brand
9812	Brand
2010	Brand
2036	Brand
2038	Brand
9235	Generic
9236	Generic
9237	Generic
3830	Brand
6869	Generic
1877	Brand
3601	Brand
4576	Generic
4588	Generic
4289	Brand
6832	Brand
1068	Brand
1069	Brand
1083	Brand
1084	Brand
1086	Brand
6260	Brand
10219	Brand
10273	Brand
10274	Brand
5666	Generic
5764	Generic
6881	Generic
7309	Generic
7320	Generic
7385	Generic
7422	Generic
7492	Generic
7511	Generic
7589	Generic
7610	Generic
7760	Generic
8024	Generic
8025	Generic
8026	Generic
8585	Generic
8586	Generic
8712	Generic
9048	Generic
9125	Generic
9141	Generic
9206	Generic
9207	Generic
9277	Generic
9278	Generic
9341	Generic
9473	Generic
9522	Generic
9572	Generic
9573	Generic
9611	Generic
9758	Generic
9759	Generic
9760	Generic
9800	Generic
9802	Generic
10146	Generic
10218	Generic
10251	Generic
10530	Generic
10659	Generic
10697	Generic
9276	Generic
9382	Generic
55	Generic
1274	Generic
1337	Generic
1338	Generic
1705	Generic
4448	Generic
4703	Brand
4704	Brand
5712	Generic
7597	Generic
7666	Generic
8710	Generic
9034	Brand
9035	Brand
9220	Generic
9440	Generic
10048	Generic
10829	Generic
4577	Generic
8099	Brand
9599	Generic
1369	Brand
1551	Brand
9606	Generic
1385	Brand
3829	Brand
6193	Brand
4104	Generic
7735	Generic
9526	Generic
1386	Brand
2248	Generic
7493	Brand
10895	Brand
1800	Brand
1801	Brand
2249	Brand
4320	Generic
4658	Generic
5667	Brand
6581	Brand
7421	Brand
7423	Brand
8422	Brand
8650	Brand
9262	Generic
9290	Generic
3495	Generic
6269	Generic
7879	Brand
8438	Brand
9222	Generic
3046	Brand
9390	Brand
5049	Generic
7428	Brand
8246	Brand
8423	Brand
8546	Generic
10047	Generic
7315	Generic
1205	Brand
10259	Generic
9730	Brand
10155	BioTech
8281	BioTech
9066	Generic
10756	Generic
4543	Brand
2626	Generic
7633	Generic
9543	Generic
9929	Generic
1752	BioTech
1757	BioTech
1758	BioTech
1759	BioTech
9949	BioTech
9950	BioTech
9951	BioTech
9952	BioTech
10382	BioTech
10383	BioTech
10384	BioTech
10385	BioTech
10386	BioTech
10387	BioTech
10388	BioTech
10389	BioTech
10390	BioTech
10391	BioTech
10392	BioTech
10393	BioTech
10732	BioTech
10733	BioTech
10734	BioTech
10735	BioTech
10736	BioTech
10737	BioTech
10738	BioTech
10739	BioTech
490	Brand
491	Brand
10009	Generic
6624	Generic
6625	Generic
6626	Generic
6860	Generic
6861	Generic
10256	Brand
5490	Generic
5775	Generic
5982	Generic
6072	Brand
6218	Generic
6267	Generic
6544	Generic
6649	Brand
6938	Generic
7282	Generic
7820	Generic
8992	Generic
9975	Generic
10751	Generic
10870	Brand
10982	Generic
4673	Generic
4680	Generic
7004	Brand
8408	Generic
8506	Generic
9480	Generic
10362	Generic
10548	Generic
10617	Generic
5489	Brand
8082	Generic
3781	Brand
9095	Generic
6517	Brand
10783	Generic
10784	Generic
9249	Brand
9250	Brand
9251	Brand
9252	Brand
9253	Brand
9254	Brand
9255	Brand
9256	Brand
9257	Brand
10402	Brand
10403	Brand
10404	Brand
10405	Brand
10406	Brand
10407	Brand
10408	Brand
10409	Brand
10658	Brand
2224	BioTech
2217	BioTech
5314	Brand
5315	Brand
5316	Brand
5317	Brand
6523	Brand
5543	Brand
6773	Brand
6775	Brand
7870	Brand
10359	Generic
10360	Generic
10361	Generic
10411	Generic
10412	Generic
10413	Generic
10552	Generic
10553	Generic
10554	Generic
10555	Generic
10340	Brand
10341	Brand
10550	Generic
10551	Generic
8832	Brand
9359	Brand
9432	Brand
11046	Brand
3356	Generic
9851	Brand
7628	BioHuman
10415	BioHuman
10489	BioHuman
9506	Brand
9507	Brand
9508	Brand
7193	BioHuman
3279	BioHuman
3280	BioHuman
3281	BioHuman
5990	BioHuman
5992	BioHuman
7980	BioTech
8188	BioHuman
8189	BioHuman
8558	BioTech
8849	BioTech
8850	BioTech
8851	BioTech
8852	BioTech
8910	BioTech
8911	BioTech
8986	BioHuman
8987	BioHuman
8988	BioHuman
9763	BioTech
10367	BioHuman
10368	BioHuman
10908	BioTech
10909	BioTech
6539	BioHuman
6958	BioHuman
8186	BioHuman
8187	BioHuman
10284	BioTech
10285	BioTech
10286	BioTech
10306	BioTech
10307	BioTech
10308	BioTech
10309	BioTech
8315	BioHuman
8983	BioHuman
8984	BioHuman
8985	BioHuman
5539	BioTech
5540	BioTech
5541	BioTech
9762	BioTech
10083	BioTech
1263	Brand
3603	Brand
9808	Brand
7521	BioTech
8789	Brand
8790	Brand
9902	BioTech
9903	BioTech
9904	BioTech
9905	BioTech
3831	Brand
5342	Generic
9481	Generic
5295	Generic
7777	Generic
6867	Generic
7882	Brand
10620	Brand
10621	Brand
6724	Generic
5046	Brand
1121	Brand
5210	Generic
6239	Brand
7023	Generic
7974	Generic
8728	Generic
8729	Generic
10178	Brand
10224	Generic
5113	Generic
8656	Generic
9154	Brand
1870	Brand
6657	Generic
7752	Brand
9155	Brand
9156	Brand
9106	Generic
3712	Brand
1864	Generic
10440	Generic
10624	Generic
10941	Generic
6824	Generic
9536	Brand
4440	Generic
6658	Generic
8141	Generic
8278	Generic
1095	BioTech
1096	BioTech
1433	BioTech
1434	BioTech
6211	BioTech
6368	BioTech
6370	BioTech
6372	BioTech
6442	BioTech
6791	BioTech
9830	BioTech
10470	BioTech
10471	BioTech
10472	BioTech
10473	BioTech
10774	BioTech
10775	BioTech
10934	BioTech
10935	BioTech
7373	BioTech
7374	BioTech
7375	BioTech
7376	BioTech
7377	BioTech
7378	BioTech
7379	BioTech
7381	BioTech
7383	BioTech
7211	Brand
7212	Brand
9378	Brand
3267	BioHuman
3487	BioHuman
3488	BioHuman
3489	BioHuman
3604	BioHuman
4048	BioHuman
5567	BioHuman
8428	BioHuman
8989	BioHuman
9604	BioHuman
9780	Brand
2662	Brand
2610	Brand
3413	Brand
2473	Brand
6831	Brand
8409	Brand
1192	Brand
1193	Brand
6830	Generic
6833	Generic
9275	Generic
3351	Brand
3353	Brand
7125	Brand
7126	Brand
7127	Brand
7129	Brand
7130	Brand
7131	Brand
7132	Brand
8075	Generic
8076	Generic
4166	Generic
4167	Generic
4169	Generic
4181	Generic
4182	Generic
4184	Generic
4774	Generic
4775	Generic
4776	Generic
4784	Generic
4785	Generic
4786	Generic
9198	Generic
9376	Generic
9377	Generic
9584	Generic
9585	Generic
9588	Generic
9714	Generic
9715	Generic
9784	Generic
9897	Generic
9997	Generic
10129	Generic
10130	Generic
4133	Generic
4134	Generic
4136	Generic
4138	Generic
4142	Generic
4144	Generic
4147	Generic
4149	Generic
4151	Generic
4153	Generic
4155	Generic
4157	Generic
4159	Generic
4163	Generic
4165	Generic
4174	Generic
4754	Generic
4755	Generic
4756	Generic
4764	Generic
4765	Generic
4766	Generic
4767	Generic
4769	Generic
4770	Generic
4772	Generic
4773	Generic
4777	Generic
4778	Generic
9370	Generic
9371	Generic
9372	Generic
9373	Generic
9483	Generic
9484	Generic
9562	Generic
9563	Generic
9710	Generic
9711	Generic
9712	Generic
9713	Generic
10076	Generic
10077	Generic
10078	Generic
10131	Generic
10611	Generic
10612	Generic
10613	Generic
4177	Generic
4179	Generic
4187	Generic
4189	Generic
4780	Generic
4781	Generic
4782	Generic
4783	Generic
9555	Generic
9587	Generic
9785	Generic
9883	Generic
10936	Generic
2595	Generic
2596	Generic
4110	Generic
4111	Generic
4112	Generic
4113	Generic
4114	Generic
4115	Generic
4117	Generic
4119	Generic
4122	Generic
4124	Generic
4126	Generic
4128	Generic
4130	Generic
4747	Generic
4748	Generic
4749	Generic
4750	Generic
4751	Generic
4752	Generic
4753	Generic
4779	Generic
4790	Generic
4801	Generic
4808	Generic
4809	Generic
4810	Generic
5198	Generic
9379	Generic
9558	Generic
9559	Generic
9586	Generic
9708	Generic
9772	Generic
9773	Generic
9790	Generic
9791	Generic
9792	Generic
9793	Generic
9954	Generic
9955	Generic
9956	Generic
9957	Generic
9958	Generic
9959	Generic
9998	Generic
9999	Generic
10566	Generic
10567	Generic
10568	Generic
10569	Generic
10614	Generic
10615	Generic
10616	Generic
4191	Generic
4192	Generic
5186	Generic
5187	Generic
5188	Generic
5189	Generic
5190	Generic
5191	Generic
3599	Brand
3600	Brand
2417	Brand
2418	Brand
2419	Brand
2420	Brand
2421	Brand
2423	Brand
2426	Brand
3597	Brand
3598	Brand
7122	Brand
9861	Brand
9862	Brand
9863	Brand
9864	Brand
9865	Brand
9866	Brand
9867	Brand
9868	Brand
9869	Brand
6695	Brand
285	Generic
2282	Generic
2283	Generic
2284	Generic
4196	Generic
4197	Generic
4198	Generic
4199	Generic
4200	Generic
2219	Generic
2220	Generic
4201	Generic
4202	Generic
4203	Generic
291	Generic
292	Generic
2285	Generic
2287	Generic
4204	Generic
4205	Generic
4206	Generic
4207	Generic
4208	Generic
4209	Generic
4211	Generic
4212	Generic
4215	Generic
4217	Generic
4219	Generic
4221	Generic
4223	Generic
4224	Generic
4225	Generic
4787	Generic
4788	Generic
4789	Generic
4792	Generic
4793	Generic
4794	Generic
4795	Generic
4796	Generic
4857	Generic
9189	Generic
9190	Generic
9374	Generic
9375	Generic
9380	Generic
9556	Generic
9557	Generic
9560	Generic
9561	Generic
9564	Generic
9565	Generic
9709	Generic
9774	Generic
9775	Generic
9786	Generic
9787	Generic
9788	Generic
9789	Generic
9881	Generic
9882	Generic
9892	Generic
9893	Generic
9894	Generic
9895	Generic
9896	Generic
10570	Generic
10571	Generic
10572	Generic
10573	Generic
10574	Generic
10575	Generic
2771	Generic
3504	Generic
4175	Generic
4176	Generic
8758	Generic
4103	Generic
8230	Generic
8826	Generic
10707	Generic
3922	Brand
4105	Generic
4106	Generic
4107	Generic
4108	Generic
4109	Generic
4800	Generic
4802	Generic
4803	Generic
4804	Generic
4805	Generic
4806	Generic
4858	Generic
4859	Generic
4860	Generic
10626	BioTech
10344	BioTech
7507	Brand
7508	Brand
8559	Brand
5283	Brand
5284	Brand
2222	Brand
9472	Generic
10815	Generic
10816	Generic
2975	Brand
2976	Brand
3121	Generic
8368	Brand
10826	Brand
2871	Generic
5213	Generic
8590	Generic
9366	Generic
10114	Generic
2640	Generic
3546	Generic
8566	Generic
7787	Generic
8906	Generic
11026	Generic
3532	Generic
2096	Generic
2097	Generic
7809	Generic
8963	Brand
8964	Brand
11025	Generic
272	Generic
2279	Generic
9214	Generic
8529	Generic
6862	Brand
6599	Brand
8325	Generic
8326	Generic
8421	Generic
9921	Generic
10976	Generic
993	Generic
4605	Generic
3714	Brand
3715	Brand
5420	Brand
5422	Brand
7626	Generic
8373	Generic
9462	Generic
9463	Generic
9464	Generic
8669	Brand
8670	Brand
9023	Generic
9024	Generic
10264	Brand
10265	Brand
449	Brand
9836	Generic
3838	Brand
5385	Brand
5386	Brand
10693	Generic
10694	Generic
8103	Brand
8104	Brand
8105	Brand
8924	Generic
4304	Brand
4314	Brand
10763	Brand
10764	Brand
10765	Brand
7049	Generic
7199	Generic
7258	Brand
8176	Generic
5492	Brand
5493	Brand
8842	Generic
8843	Generic
9468	Generic
9469	Generic
10713	Generic
10714	Generic
8898	Brand
8002	Brand
8003	Brand
8004	Brand
8005	Brand
8006	Brand
4468	Brand
4497	Brand
4508	Brand
2548	Brand
9224	Generic
988	Generic
1664	Generic
2573	Generic
4738	Generic
5313	Generic
5427	Brand
5429	Brand
8145	Generic
8224	Generic
8249	Generic
9133	Generic
9552	Generic
10791	Generic
10877	Brand
10878	Brand
10186	Brand
10204	Brand
8794	Brand
10396	Brand
7087	Generic
7088	Generic
9025	Generic
9026	Generic
9067	Generic
9068	Generic
9898	Generic
9899	Generic
4267	Brand
5439	Brand
5440	Brand
5739	Generic
573	Brand
6441	Brand
8973	Brand
7703	Generic
9781	Generic
10297	Generic
10298	Generic
8596	Brand
8597	Brand
9120	Generic
10236	Generic
10425	Generic
10248	Brand
2638	Brand
2639	Brand
1169	Brand
5569	Brand
9346	Brand
9347	Brand
9348	Brand
8157	Brand
8158	Brand
3427	Brand
6927	Brand
5878	Generic
9608	Generic
2361	Brand
8290	Brand
9438	Brand
8886	Brand
3195	Brand
3196	Brand
4284	Brand
8031	Brand
10158	Brand
10968	Generic
10969	Generic
1001	Generic
1002	Generic
1651	Generic
1652	Generic
4874	Generic
4875	Generic
10132	Generic
10177	Generic
6516	Brand
7573	Brand
480	Generic
481	Generic
978	Generic
1610	Generic
4249	Generic
4260	Generic
9925	Brand
9926	Brand
10970	Generic
10971	Generic
3027	Brand
11045	Brand
4078	Generic
4079	Generic
4693	Brand
4694	Brand
4695	Brand
5039	Generic
5041	Generic
5181	Generic
5192	Generic
5506	Generic
5507	Generic
5951	Generic
5957	Generic
6308	Generic
6309	Generic
7838	Generic
8767	Generic
8768	Generic
3686	Brand
10778	Generic
10973	Generic
11030	Generic
9901	Generic
9465	Generic
9466	Generic
9467	Generic
9853	Brand
9968	Brand
1606	Brand
4268	Generic
4269	Generic
4696	Brand
4697	Brand
5397	Generic
6553	Generic
6715	Generic
8769	Generic
10437	Generic
6338	Brand
6339	Brand
4321	Brand
5516	Brand
5518	Brand
1858	Generic
3531	Brand
5074	Generic
5266	Generic
5585	Generic
5586	Generic
5695	Generic
6407	Generic
6471	Generic
7243	Generic
7273	Generic
7274	Generic
7330	Generic
7331	Generic
7347	Generic
7570	Generic
7746	Generic
8570	Generic
10779	Generic
10780	Generic
10835	Generic
6681	Generic
6682	Generic
7167	Generic
10773	Generic
2688	Brand
3717	Brand
4311	Brand
4312	Brand
5285	Brand
5286	Brand
10278	Brand
10279	Brand
2968	Brand
2969	Brand
3045	Brand
3055	Brand
3094	Brand
3631	Brand
3692	Generic
4250	Generic
4251	Generic
4252	Generic
4253	Generic
4254	Generic
8364	Brand
3819	Generic
3820	Generic
4275	Generic
4276	Generic
4277	Generic
4578	Generic
5171	Generic
5173	Generic
6714	Generic
321	Brand
322	Brand
1642	Brand
1643	Brand
1644	Brand
5229	Brand
5236	Brand
4263	Generic
4264	Generic
4265	Generic
4266	Generic
5396	Brand
5404	Brand
5405	Brand
5669	Generic
5670	Generic
6340	Generic
6480	Generic
6481	Generic
7171	Generic
7172	Generic
7244	Generic
7710	Generic
7711	Generic
7712	Generic
10883	Brand
10884	Brand
10885	Brand
5282	Brand
9850	Brand
4278	Generic
1641	Brand
3530	Generic
5615	Brand
5616	Brand
6262	Brand
5576	Generic
5577	Generic
7547	Brand
5729	Brand
5730	Brand
5880	Brand
5881	Brand
5882	Brand
5883	Brand
6836	Generic
10139	Generic
10140	Generic
10141	Generic
10142	Generic
8130	Brand
8131	Brand
8132	Brand
8133	Brand
9678	Brand
9679	Brand
4745	Generic
5244	Generic
5329	Generic
6845	Brand
6846	Brand
7173	Generic
10943	Generic
10944	Generic
6477	Generic
6855	Generic
7045	Generic
7046	Generic
7063	Generic
7064	Generic
7065	Generic
7889	Generic
7890	Generic
7891	Generic
7934	Generic
7972	Generic
8815	Brand
8816	Brand
6222	Generic
6223	Generic
7333	Generic
7337	Generic
7338	Generic
7389	Generic
7390	Generic
7603	Generic
7675	Generic
9070	Generic
9071	Generic
9265	Brand
9266	Brand
9294	Generic
9295	Generic
10586	Generic
10587	Generic
10871	Brand
10872	Brand
1381	Brand
1382	Brand
3388	Brand
3392	Brand
6822	Generic
6823	Generic
10109	Generic
10110	Generic
10111	Generic
2265	Brand
2308	Brand
5077	Generic
5078	Generic
9589	Generic
6576	Brand
6577	Brand
6578	Brand
6764	Brand
6765	Brand
6766	Brand
9794	Brand
9795	Brand
9796	Brand
7841	Brand
7842	Brand
9567	Brand
9568	Brand
4645	Generic
5475	Generic
6847	Brand
6848	Brand
6849	Brand
7082	Generic
7174	Generic
9286	Generic
9287	Generic
10945	Generic
10946	Generic
6478	Generic
6572	Generic
6573	Generic
6574	Generic
6854	Generic
7892	Generic
7893	Generic
7894	Generic
7895	Generic
7896	Generic
7935	Generic
7936	Generic
8353	Generic
8354	Generic
8357	Generic
8817	Brand
8818	Brand
8819	Brand
6224	Generic
6225	Generic
7386	Generic
7387	Generic
7388	Generic
7604	Generic
7674	Generic
7676	Generic
8512	Generic
8513	Generic
8514	Generic
9267	Brand
9268	Brand
9349	Brand
10528	Generic
10529	Generic
10588	Generic
10589	Generic
10590	Generic
10873	Brand
10874	Brand
3385	Brand
6017	Brand
6018	Brand
10112	Generic
10113	Generic
2326	Brand
5812	Generic
7411	Brand
7412	Brand
7413	Brand
7414	Brand
9964	Brand
9965	Brand
9966	Brand
9967	Brand
7843	Brand
7844	Brand
9803	Brand
9804	Brand
7311	Generic
7314	Generic
8032	Generic
8033	Generic
8584	Generic
9363	Brand
9364	Brand
9801	Generic
10223	Generic
10349	Generic
10350	Generic
7408	Brand
7409	Brand
7410	Brand
9961	Brand
9962	Brand
9963	Brand
6461	Brand
6462	Brand
7479	Brand
7481	Brand
7482	Brand
6817	Generic
6818	Generic
10245	Generic
10246	Generic
10247	Generic
7226	Generic
7227	Generic
8232	Brand
8233	Brand
8234	Brand
8235	Brand
7762	Brand
7763	Brand
7764	Brand
7765	Brand
7766	Brand
8447	Brand
8448	Brand
8449	Brand
3898	Generic
3899	Generic
3900	Generic
4371	Generic
4372	Generic
4373	Generic
4674	Generic
4675	Generic
4676	Generic
6727	Brand
6728	Brand
6729	Brand
7169	Generic
7170	Generic
3571	Generic
3579	Generic
4338	Generic
4339	Generic
4340	Generic
9005	Generic
9006	Generic
3563	Generic
3564	Generic
3894	Generic
3895	Generic
4718	Generic
4719	Generic
4720	Generic
5075	Generic
5076	Generic
5224	Generic
5225	Generic
5226	Generic
5267	Generic
5268	Generic
5269	Generic
5486	Generic
5487	Generic
5587	Generic
5588	Generic
5863	Generic
5989	Generic
6092	Generic
6093	Generic
6094	Generic
6130	Generic
6131	Generic
6132	Generic
6188	Generic
6354	Generic
6355	Generic
6356	Generic
7017	Generic
7018	Generic
7042	Generic
7043	Generic
7044	Generic
7115	Generic
7116	Generic
7177	Generic
7490	Generic
7525	Generic
7526	Generic
7569	Generic
8307	Generic
8485	Generic
8486	Generic
8509	Generic
8510	Generic
8660	Generic
9199	Generic
9200	Generic
9234	Generic
10174	Generic
10175	Generic
10484	Generic
10576	Generic
10577	Generic
10578	Generic
10579	Generic
1711	Brand
1712	Brand
1713	Brand
3990	Generic
4094	Generic
5484	Generic
5485	Generic
5565	Brand
5761	Generic
6301	Generic
6302	Generic
6303	Generic
6342	Generic
6343	Generic
7037	Generic
7038	Generic
7384	Generic
7496	Generic
7497	Generic
7498	Generic
7724	Generic
7767	Generic
7768	Generic
7769	Generic
7861	Generic
7862	Generic
8118	Generic
8119	Generic
8462	Generic
9609	Generic
9610	Generic
6100	Brand
6101	Brand
9745	Generic
10357	Generic
5376	Generic
6409	Generic
8403	Brand
3367	Generic
5811	Generic
5856	Generic
7184	Generic
7727	Generic
10547	Brand
10580	Brand
8444	Generic
9353	Brand
5252	Generic
5278	Generic
9063	Brand
10814	Generic
8541	BioTech
8542	BioTech
9064	Generic
9065	Generic
7510	Brand
9160	Brand
9161	Brand
7947	Generic
8312	Generic
8313	Generic
8686	Brand
8687	Brand
8688	Brand
10190	Brand
10191	Brand
10192	Brand
10635	Brand
10636	Brand
8034	Generic
8035	Generic
8721	Brand
8722	Brand
8723	Brand
7729	Brand
7869	Brand
4646	Generic
9877	Brand
7332	Generic
8273	Brand
8418	Brand
2612	Brand
9496	Generic
9878	Brand
4313	Brand
4318	Brand
6453	Brand
2886	Brand
6978	Generic
2705	Brand
2801	Brand
2802	Brand
3902	Brand
4067	Brand
6968	Brand
9400	Brand
4362	Generic
4714	Generic
6385	Generic
7156	Generic
10122	Brand
10202	Brand
3903	Brand
8594	Generic
9157	Generic
10646	Generic
2748	Brand
9166	Brand
4423	Generic
856	Brand
4361	Generic
4715	Generic
5589	Generic
7155	Generic
8341	Generic
4568	Generic
4641	Generic
6367	Generic
4610	Generic
4621	Generic
7558	Generic
10168	Brand
259	Brand
4499	Generic
1499	Brand
3992	Brand
7220	Generic
7543	Generic
1372	Brand
1373	Brand
9504	Generic
5211	BioTech
5303	BioTech
6220	Generic
10120	Brand
9045	Generic
9907	Generic
164	Generic
1636	Brand
9843	Brand
9953	Brand
4481	Brand
4567	Generic
4600	Generic
8081	Generic
6872	Brand
4523	Generic
4634	Generic
2747	Brand
2753	Brand
4618	Generic
7321	Generic
9022	Generic
1088	Brand
1089	Brand
1440	Generic
1548	Generic
4400	Generic
5499	Brand
5500	Brand
7095	Generic
7531	Generic
8191	Brand
8192	Brand
9445	Generic
8807	Generic
1163	Brand
1164	Brand
9179	Generic
9180	Generic
4397	Generic
4632	Generic
9919	Generic
771	Brand
772	Brand
9320	Generic
585	Brand
4287	Generic
5298	Generic
10093	Generic
5783	Brand
9686	Generic
8870	Generic
3698	Brand
7560	Generic
4431	Generic
5027	Generic
8931	Brand
8932	Brand
8933	Brand
8996	Brand
2800	Brand
508	Brand
611	Brand
612	Brand
4684	Generic
8560	Brand
4417	Generic
3559	Generic
6027	Generic
6905	Generic
7094	Generic
7539	Generic
7897	Generic
9261	Brand
9530	Generic
10136	Generic
10967	Generic
8017	Generic
10363	Brand
10364	Brand
9441	Brand
9488	Brand
8052	Brand
4898	Generic
6696	Generic
6697	Generic
9351	Brand
9352	Brand
10490	Generic
10491	Generic
4505	Generic
4613	Generic
8030	Brand
1527	Generic
7969	Generic
1087	Brand
4688	Generic
6014	Generic
7263	Generic
7532	Generic
8193	Brand
7687	Generic
9870	Brand
3444	Brand
4411	Generic
5504	Generic
8156	Brand
8563	Brand
3526	Generic
5239	Generic
759	Generic
10366	Brand
4903	Generic
4904	Generic
7264	Generic
7718	Generic
8365	Brand
3605	Brand
3611	Brand
5954	Brand
8250	Brand
8251	Brand
8757	Brand
9029	Brand
4559	Generic
4532	Generic
4488	Generic
4490	Generic
4492	Generic
4494	Generic
4590	Generic
4591	Generic
4592	Generic
4594	Generic
3414	Generic
4367	Generic
4368	Generic
4369	Generic
7494	Generic
9215	Generic
3415	Brand
8652	Brand
10938	Generic
10939	Generic
8928	Brand
4467	Generic
5095	Generic
7660	Generic
7661	Generic
9061	Brand
10671	Brand
3694	Generic
3695	Generic
9343	Generic
5235	Generic
6240	Generic
6336	Generic
6390	Generic
7825	Generic
8380	Generic
8381	Generic
2767	Brand
4414	Generic
4439	Generic
7875	Generic
6337	Generic
6400	Generic
6979	Generic
9330	Generic
8014	Brand
10365	Brand
3976	Generic
3977	Generic
3978	Generic
4075	Generic
5114	Generic
5482	Generic
5483	Generic
8593	Generic
8724	Generic
8725	Generic
10451	Generic
10452	Generic
10453	Generic
10454	Generic
9017	Brand
9329	Generic
7630	Brand
10255	BioTech
10623	BioTech
10369	Brand
10370	Brand
10329	Generic
2755	Generic
5205	Generic
6096	Generic
6144	Generic
6402	Generic
8274	Brand
8275	Brand
8451	Brand
8953	Generic
10090	Generic
7697	Generic
7612	Generic
8411	Generic
9687	Generic
9409	Brand
9410	Brand
10290	Generic
3711	Brand
6169	Brand
9769	Generic
6182	Brand
7681	Generic
2579	Brand
7235	Generic
8098	Brand
10852	Generic
1459	Generic
1460	Generic
3268	Generic
7761	Generic
10289	Generic
4315	Brand
4316	Brand
4317	Brand
4319	Brand
11035	Generic
5071	Generic
6213	Brand
6420	Brand
6421	Brand
9083	Brand
3610	Brand
5135	Generic
7183	Brand
2937	Generic
8577	Generic
10838	Generic
10839	Generic
2936	Brand
5208	Brand
5311	Generic
1301	Brand
1302	Brand
7826	Generic
7827	Generic
3411	Brand
3412	Brand
2905	Brand
9601	Generic
8622	Generic
8684	Generic
544	Brand
6284	Brand
9096	Generic
9108	Generic
9112	Generic
9243	Brand
141	Brand
8018	Brand
3920	Brand
9042	Generic
10861	Generic
7852	Generic
9761	Generic
6561	Brand
8480	Brand
542	Brand
8779	Brand
8270	Brand
2043	Brand
6757	Generic
8225	Brand
8761	Generic
9455	Generic
8360	Brand
1007	Brand
8664	Brand
2904	Brand
8272	Brand
117	Brand
968	Generic
969	Generic
5332	Brand
5593	Brand
5986	Brand
6738	Brand
6739	Brand
6767	Brand
7069	BioTech
7253	Generic
7319	BioTech
8226	Brand
8616	Brand
8929	Brand
9118	Generic
9299	Brand
3172	Brand
6664	Brand
10026	Brand
2938	Brand
2012	Generic
2045	Generic
9092	Brand
8269	Brand
2041	Brand
8048	BioHuman
8746	BioHuman
8747	BioHuman
5612	BioHuman
7178	BioHuman
7179	BioHuman
9269	BioHuman
9270	BioHuman
9356	BioHuman
9357	BioHuman
3904	BioHuman
3905	BioHuman
509	BioHuman
4025	BioHuman
5334	BioHuman
5595	BioHuman
10086	BioHuman
10087	BioHuman
8908	BioHuman
8909	BioHuman
10507	BioHuman
10508	BioHuman
9920	BioHuman
10975	BioHuman
11021	BioTech
11022	BioHuman
6470	BioHuman
8292	Brand
133	Brand
138	Brand
545	Brand
7465	Generic
8301	Generic
4596	Generic
6918	Generic
9114	Generic
10313	Brand
6352	Brand
6290	Generic
10143	Brand
4246	Brand
5792	Brand
5979	Brand
10106	Brand
10474	Brand
9420	Brand
3980	Brand
3981	Brand
9036	Generic
9037	Generic
10333	Generic
10334	Generic
10695	Generic
10696	Generic
10836	Generic
10837	Generic
6401	Brand
7733	Brand
3996	Generic
7261	Generic
7485	Generic
7536	Generic
8531	Generic
8532	Generic
9151	Generic
9387	Generic
9734	Generic
10011	Generic
10012	Generic
10020	Generic
10243	Brand
10244	Brand
10605	Generic
10606	Generic
10608	Generic
4677	Generic
5157	Generic
5583	Generic
5976	Brand
6121	Generic
6163	Brand
6557	Generic
7600	Generic
7698	Generic
7755	Generic
7798	Generic
8036	Generic
8695	Generic
8741	Generic
9244	Generic
9259	Generic
9260	Generic
9340	Generic
9433	Generic
9545	Generic
9936	Generic
9994	Generic
10188	Generic
10335	Generic
10354	Generic
10429	Generic
10562	Generic
10563	Generic
10600	Generic
10798	Generic
10799	Generic
10845	Generic
2708	Brand
6772	Brand
10607	Generic
4608	Brand
1204	Brand
8231	Generic
7291	Brand
7292	Brand
8777	Generic
8778	Generic
3110	Brand
5983	Generic
8306	Generic
8544	Generic
9437	Generic
5087	Generic
5468	Brand
6029	Generic
7316	Generic
8589	Generic
9072	Generic
6344	Brand
6345	Brand
10948	Generic
10949	Generic
10913	Generic
9318	Brand
5546	Generic
5547	Generic
5639	Brand
8070	Generic
8588	Generic
9081	Generic
9317	Generic
9414	Generic
10181	Brand
10692	Generic
2815	Brand
8285	BioHuman
2014	BioTech
2015	BioTech
5185	BioTech
7032	BioTech
9395	BioTech
9837	BioTech
10863	BioTech
10864	BioTech
6914	Brand
6915	Brand
10205	Generic
6583	Brand
10749	Generic
850	Brand
5848	Brand
5849	Brand
7147	Brand
7148	Brand
7149	Brand
7653	Brand
7654	Brand
7655	Brand
8446	Brand
11039	Brand
521	Brand
522	Brand
8565	Brand
3885	Generic
4291	Brand
4292	Brand
7159	Generic
8279	Generic
9014	Generic
9289	Generic
9693	Generic
9694	Generic
10206	Generic
416	Brand
417	Brand
439	Brand
441	Brand
442	Brand
5497	Generic
5498	Generic
6904	Generic
7406	Generic
7868	Generic
8744	Generic
9411	Generic
9884	Generic
9885	Generic
6028	Generic
7041	Generic
9732	Generic
4459	Generic
4460	Generic
4461	Generic
4462	Generic
4664	Generic
4666	Generic
4667	Generic
4668	Generic
7077	Generic
10830	Generic
437	Brand
2645	Brand
2647	Generic
7427	Generic
8254	Generic
9729	Generic
11051	Generic
8120	Brand
8121	Brand
10752	Generic
1309	Brand
1310	Brand
1311	Brand
1312	Brand
7327	Brand
4710	Brand
8903	Brand
8904	Brand
8905	Brand
9858	Generic
2028	BioTech
10639	Brand
5742	BioTech
10323	BioTech
10866	BioTech
9973	Brand
10027	Brand
7430	BioTech
7431	BioTech
7432	BioTech
9486	BioTech
9487	BioTech
1665	Generic
2503	Generic
2768	Generic
4466	Generic
6955	Generic
9938	Generic
7284	Brand
4560	Generic
4562	Generic
7158	Generic
7329	Brand
7824	Generic
4579	Generic
4580	Generic
2139	Generic
2140	Generic
3882	Generic
4469	Generic
4561	Generic
4573	Generic
4574	Generic
4575	Generic
4637	Generic
4643	Generic
4644	Generic
893	Generic
899	Generic
1479	Generic
2137	Generic
2924	Generic
3881	Generic
4507	Generic
4518	Generic
4604	Generic
4615	Generic
4626	Generic
5044	Generic
5719	Generic
6999	Generic
7598	Generic
7669	Generic
9146	Generic
9147	Generic
8639	Generic
8640	Generic
730	Brand
731	Brand
733	Brand
790	Generic
792	Generic
793	Generic
806	Generic
1104	Generic
1105	Generic
1106	Generic
1129	Generic
1130	Generic
1131	Generic
1132	Generic
1475	Generic
1478	Generic
1853	Generic
1854	Generic
1855	Generic
3944	Generic
3974	Brand
5094	Generic
5384	Generic
5545	Generic
5633	Generic
5904	Generic
6024	Generic
6251	Brand
6351	Generic
6457	Generic
6988	Generic
7025	Generic
8322	Generic
8412	Generic
8736	Generic
8820	Generic
8838	Generic
8919	Brand
9367	Generic
9849	Brand
10271	Brand
10272	Brand
10280	Brand
10421	Generic
10860	Generic
10922	Generic
6138	Generic
6288	Generic
6475	Generic
6781	Generic
6782	Generic
8609	Generic
8706	Generic
9982	Brand
10422	Generic
1671	Generic
3572	Generic
6602	Brand
6603	Brand
2263	Generic
3943	Generic
6283	Generic
1498	Generic
1503	Generic
1658	Generic
1659	Generic
8620	Generic
8621	Generic
4092	Generic
2267	Generic
2268	Generic
618	Brand
622	Brand
1394	Generic
1395	Generic
1842	Generic
2272	Generic
2273	Generic
2334	Generic
5382	Generic
5774	Generic
5828	Generic
5944	Brand
5966	Generic
6012	Brand
6719	Generic
6730	Generic
9240	Generic
9632	Generic
9633	Generic
1820	Generic
6529	Brand
6530	Brand
6604	Brand
6605	Brand
6422	Generic
7242	Generic
1660	Generic
1850	Generic
2266	Generic
3354	Generic
9132	Generic
5717	Generic
6465	Generic
6505	Generic
9129	Generic
755	Generic
1570	Brand
1571	Brand
1617	Generic
1618	Generic
2271	Generic
2332	Generic
3263	Generic
5201	Generic
5202	Generic
5716	Generic
6784	Generic
6785	Generic
6786	Generic
6787	Generic
6891	Generic
6892	Generic
6912	Generic
7617	Generic
7618	Generic
7779	Generic
7818	Generic
7819	Generic
7923	Generic
8518	Generic
8519	Generic
9127	Generic
9144	Generic
9696	Generic
9697	Generic
10075	Generic
10928	Generic
10929	Generic
10930	Generic
10931	Generic
10932	Generic
11034	Generic
8876	Brand
753	Generic
754	Generic
1062	Brand
1122	Brand
1123	Brand
1124	Brand
1682	Generic
1726	Generic
1727	Generic
3590	Generic
3591	Generic
5245	Generic
5696	Generic
5697	Generic
5763	Generic
6122	Generic
6512	Generic
6853	Generic
7677	Generic
7837	Generic
8877	Brand
8879	Brand
8880	Brand
9039	Generic
10647	Generic
760	Generic
761	Generic
2909	Brand
2910	Brand
3777	Generic
3987	Generic
8617	Generic
9009	Generic
3560	Brand
3561	Brand
3851	Brand
7910	Generic
8227	Generic
8340	Generic
8839	Brand
8840	Brand
8841	Brand
5383	Brand
9603	Brand
5276	Generic
5277	Generic
5658	Generic
5659	Generic
8090	Generic
9332	Generic
9443	Generic
6513	Generic
6542	Generic
6893	Generic
6894	Generic
6997	Generic
7021	Generic
7198	Generic
8142	Generic
8143	Generic
9134	Generic
9625	Generic
10097	Generic
10187	Brand
10189	Brand
10903	Generic
10904	Generic
10926	Generic
10927	Generic
8181	Brand
10994	Generic
5626	Generic
6254	Generic
6776	Generic
7020	Generic
9130	Generic
9886	Generic
10096	Brand
10071	Generic
8912	Brand
1679	Generic
1681	Generic
4392	Generic
4393	Generic
4584	Generic
4585	Generic
4614	Generic
4413	Generic
1765	Brand
1766	Brand
1556	Generic
1557	Generic
1860	Generic
1861	Generic
4390	Generic
5330	Generic
5331	Generic
5967	Generic
6047	Generic
6410	Generic
6963	Generic
7168	Generic
9578	Brand
9579	Brand
9580	Brand
9581	Brand
9582	Brand
808	Generic
1362	Generic
1363	Generic
1720	Generic
1721	Generic
1722	Generic
1835	Generic
4258	Generic
4259	Generic
4261	Generic
5206	Generic
5207	Generic
5590	Generic
5617	Generic
5981	Generic
6947	Brand
7136	Brand
7358	Generic
7359	Generic
7436	Generic
9513	Generic
9514	Generic
9593	Generic
411	Brand
412	Brand
6404	Generic
8378	Generic
8379	Generic
8751	Generic
10426	Generic
3156	Generic
2941	Generic
2942	Generic
2739	Generic
6180	Generic
8399	Generic
8745	Generic
10853	Generic
3594	Generic
4450	Generic
5438	Brand
786	Generic
1139	Generic
1662	Generic
1819	Generic
1840	Generic
2293	Brand
2295	Brand
2322	Brand
3464	Generic
3939	Generic
3956	Generic
4309	Generic
4310	Generic
5310	Generic
5931	Generic
5938	Generic
6307	Generic
7092	Generic
7093	Generic
7898	Generic
7952	Generic
8458	Generic
8991	Generic
9397	Generic
9916	Generic
4327	Brand
2974	Generic
4434	Generic
5270	Generic
5271	Generic
5432	Brand
5434	Brand
5436	Brand
5694	Generic
5831	Generic
6059	Generic
6143	Generic
7123	Generic
7195	Generic
7196	Generic
7216	Generic
7233	Generic
7303	Generic
7401	Generic
7402	Generic
7847	Generic
8739	Generic
8740	Generic
8981	Generic
9223	Generic
9426	Generic
9427	Generic
9571	Generic
10745	Generic
10746	Generic
10747	Generic
10875	Brand
10876	Brand
2198	Brand
2199	Brand
5222	Brand
6917	Generic
9221	Generic
9656	Generic
9666	Generic
10222	Generic
6473	Brand
4357	Generic
8010	Generic
8397	Generic
9139	Brand
9140	Brand
1630	Generic
5366	Generic
6322	Generic
6323	Generic
6361	Generic
6362	Generic
6406	Generic
7250	Generic
7615	Generic
8774	Generic
8786	Generic
8787	Generic
9669	Generic
10128	Generic
3203	Brand
4057	Generic
5709	Brand
6980	Generic
7985	Generic
7986	Generic
9228	Generic
9399	Generic
9528	Generic
9644	Generic
10137	Generic
10850	Generic
5195	Generic
998	Generic
7591	Generic
5916	Brand
6215	Generic
6216	Generic
6460	Brand
6844	Brand
8859	Generic
9412	Generic
10475	Generic
9924	Brand
9985	Brand
1865	Generic
3588	Brand
4324	Generic
4325	Generic
4326	Generic
4735	Generic
4736	Generic
4737	Generic
5146	Generic
5309	Generic
5381	Generic
5987	Generic
6030	Generic
7137	Brand
7214	Generic
7249	Generic
7286	Generic
7287	Generic
8613	Generic
8926	Generic
9100	Generic
9101	Generic
9396	Generic
9777	Generic
9778	Generic
9779	Generic
10546	Generic
10561	Generic
10670	Generic
4419	Generic
4420	Generic
6922	Generic
7204	Generic
7205	Generic
5184	Brand
8938	Generic
8939	Generic
9111	Generic
10525	Brand
10910	Generic
9817	Brand
10516	Brand
10517	Brand
6965	Brand
6966	Brand
9470	Generic
9471	Generic
10116	Brand
10985	Generic
10986	Generic
10595	Brand
10238	Brand
511	Brand
550	Generic
688	Brand
4285	Generic
4286	Generic
4405	Generic
9448	Generic
9474	Generic
9475	Generic
3404	Brand
10253	Brand
8255	Generic
8256	Generic
5291	Generic
7120	Generic
8763	Generic
9010	Generic
9217	Brand
9218	Brand
7188	Brand
9069	Generic
9819	Generic
10196	Generic
10772	Generic
7342	Generic
7343	Generic
10039	Generic
10074	Generic
5293	Generic
9323	Generic
9821	Generic
9933	Brand
10100	Generic
10591	Generic
4015	Brand
4016	Brand
10133	Generic
10134	Generic
10352	Generic
10353	Generic
10633	Generic
10634	Generic
10688	Generic
10689	Generic
10711	Generic
10712	Generic
10822	Generic
9327	Brand
7339	Generic
7349	Generic
10160	Brand
6443	Brand
1602	Brand
4682	Generic
5449	Generic
5759	Generic
10380	Brand
9321	Generic
9043	Generic
9322	Generic
9324	Generic
9932	Brand
10057	Brand
9935	Brand
9934	Brand
5164	Generic
7341	Generic
10018	Generic
6445	Generic
7340	Generic
9930	Brand
6446	Generic
10351	Generic
5782	Generic
8067	Generic
7344	Generic
9167	Brand
9931	Brand
9900	Brand
10161	Brand
8304	Brand
9328	Generic
10268	Brand
10303	Brand
10640	Brand
10650	Brand
3272	BioHuman
3273	BioHuman
3274	BioHuman
5788	BioHuman
5789	BioHuman
5790	BioHuman
6299	BioHuman
6631	BioHuman
6632	BioHuman
6909	BioHuman
7073	BioHuman
7074	BioHuman
7075	BioHuman
7076	BioHuman
7318	BioHuman
9184	BioHuman
9185	BioHuman
9186	BioHuman
9716	BioHuman
9717	BioHuman
9718	BioHuman
10062	BioHuman
10063	BioHuman
10064	BioHuman
10065	BioHuman
10476	BioHuman
10477	BioHuman
10478	BioHuman
10479	BioHuman
4029	BioHuman
6723	BioHuman
6865	BioHuman
7283	BioHuman
8982	BioHuman
9031	BioHuman
9032	BioHuman
9302	BioTech
9303	BioTech
6584	Brand
9109	Brand
6451	Brand
8848	Brand
6002	Brand
10310	Brand
10886	Generic
10497	Brand
10950	Brand
30	Brand
1271	Brand
6466	Brand
6467	Brand
9809	Brand
10277	Brand
3188	Brand
32	Brand
3928	Brand
8452	Generic
8453	Generic
10584	Brand
28	Brand
33	Brand
5673	Brand
9073	Brand
10496	Brand
11056	BioTech
3951	Brand
8455	Generic
10164	Brand
8093	BioTech
9004	Brand
5950	Brand
6634	Brand
10899	Generic
31	Brand
8947	Brand
8737	Brand
5134	Brand
8569	Brand
5733	Brand
34	Brand
10498	Brand
5394	Brand
8675	BioTech
8454	Brand
513	Brand
2469	Generic
515	Brand
516	Brand
7587	Brand
8942	Generic
8943	Generic
9103	Generic
9104	Generic
9333	Generic
10283	Brand
10785	Generic
10786	Generic
8713	Brand
8714	Brand
8715	Brand
9053	Generic
9054	Generic
9055	Generic
9056	Generic
9583	Generic
10262	Generic
10263	Generic
7579	Generic
7865	Generic
7866	Generic
7867	Generic
6206	Generic
9765	Generic
4083	Brand
5513	Brand
7643	Generic
9444	Generic
10494	Brand
10495	Brand
10989	Generic
10990	Generic
10995	Generic
11007	Generic
11009	Generic
7978	Brand
6962	Brand
6562	Brand
7068	Brand
9538	Brand
9539	Brand
9540	Brand
10977	Brand
5679	Generic
11012	Generic
7266	Brand
3358	Generic
5327	Generic
8733	Generic
8814	Brand
5091	Generic
5092	Generic
5680	Generic
5681	Generic
5779	Generic
5798	Generic
5906	Generic
5907	Generic
6970	Generic
6971	Generic
7050	Generic
7051	Generic
7280	Generic
7281	Generic
7443	Generic
7444	Generic
9211	Generic
10955	Generic
10974	Generic
11010	Generic
11011	Generic
5766	Generic
6393	Brand
7146	Generic
8016	Generic
8479	Generic
9326	Generic
10154	Generic
10167	Brand
10683	Generic
10920	Generic
6497	Brand
9051	Brand
9052	Brand
7452	Generic
2803	Brand
2805	Brand
2813	Brand
5152	Generic
5153	Generic
9212	Generic
6161	Brand
6162	Brand
2511	Generic
6779	Generic
955	Generic
956	Generic
3577	Generic
3578	Generic
5066	Generic
5326	Generic
6650	Generic
6651	Generic
6652	Generic
6983	Generic
6984	Generic
6985	Generic
7367	Generic
7368	Generic
7369	Generic
7715	Generic
7716	Generic
7717	Generic
10166	BioTech
10655	Generic
10656	Generic
10657	Generic
10959	Generic
10960	Generic
11001	BioTech
1731	Generic
1779	Brand
1780	Brand
3576	Generic
5866	Generic
5867	Generic
6411	Generic
6412	Generic
6413	Generic
7097	Generic
7098	Generic
7099	Generic
8734	Generic
8735	Generic
8804	Generic
8834	Generic
8835	Generic
8701	Brand
10672	Generic
8862	Brand
1732	Generic
5193	Generic
6463	Generic
6464	Generic
6906	Generic
6907	Generic
7554	Generic
9209	Generic
9671	Brand
9672	Brand
10216	Generic
10217	Generic
10654	Generic
5956	Brand
10715	Brand
2479	Generic
2480	Generic
6568	Brand
7052	Generic
7053	Generic
7365	Generic
7366	Generic
7726	Generic
10684	Generic
10685	Generic
11020	Brand
10996	Brand
2497	Generic
2498	Generic
6426	Generic
6618	Generic
6653	Generic
6654	Generic
1290	Brand
3952	Generic
2462	Generic
7551	Generic
4041	Brand
5754	Generic
6976	Generic
7294	Generic
7296	Generic
7308	Generic
7396	Generic
7397	Generic
7491	Generic
7884	Generic
8210	Generic
10951	Generic
10952	Generic
10956	Generic
10957	Generic
10958	Generic
4017	Brand
4018	Brand
4019	Brand
10759	Generic
10760	Generic
10761	Generic
10961	Generic
10962	Generic
10963	Generic
10964	Generic
10965	Generic
11004	Generic
11005	Generic
11006	Generic
5120	Brand
6207	Brand
9910	Brand
9911	Brand
9912	Brand
9771	Brand
10165	Brand
6238	Brand
10135	Generic
10728	Generic
10823	Generic
5561	Brand
5562	Brand
7145	Generic
7631	Brand
7632	Brand
10031	Generic
10032	Generic
10564	Generic
10565	Generic
10820	Generic
10821	Generic
7811	Brand
7812	Brand
8836	Brand
10208	Brand
10209	Brand
10210	Brand
6951	Brand
9727	Brand
9728	Brand
9459	Brand
10442	Brand
10443	Brand
10444	Brand
10035	Brand
10036	Brand
8520	Brand
8521	Brand
8522	Brand
10663	Brand
10664	Brand
10665	Brand
9993	Brand
9673	Brand
9674	Brand
9675	Brand
9676	Brand
5897	Brand
6930	Brand
10481	Generic
10482	Generic
10483	Generic
10824	Brand
7999	Brand
8000	Brand
8001	Brand
10317	Brand
10318	Brand
10596	Brand
10597	Brand
11002	Brand
11003	Brand
11014	Brand
10486	Brand
10487	Brand
10488	Brand
10708	Generic
10709	Generic
5319	Brand
8791	Brand
8792	Brand
10007	Brand
9629	Brand
9630	Brand
9631	Brand
8719	Brand
8720	Brand
8524	Brand
8525	Brand
9659	Brand
10293	Brand
1492	BioTech
1493	BioTech
5573	BioTech
5574	BioTech
9383	BioTech
9384	BioTech
9385	BioTech
10029	BioTech
10030	BioTech
10673	BioTech
10674	BioTech
10809	BioTech
10810	BioTech
8201	BioTech
9688	BioTech
8899	BioTech
8900	BioTech
10905	BioTech
8053	BioTech
9394	BioTech
9458	BioTech
9548	BioTech
10044	BioTech
10045	BioTech
10211	BioTech
10212	BioTech
10326	BioTech
10327	BioTech
10652	BioTech
10653	BioTech
7629	BioTech
7753	BioTech
7754	BioTech
5502	BioTech
7237	BioTech
7238	BioTech
8331	BioTech
8332	BioTech
8239	BioTech
10033	BioTech
10034	BioTech
10358	BioTech
8901	BioTech
10381	BioTech
10445	BioTech
5554	BioTech
5555	BioTech
6109	BioTech
6110	BioTech
10249	BioTech
10287	BioTech
10324	BioTech
10325	BioTech
10519	BioTech
10520	BioTech
10794	BioTech
10795	BioTech
8492	BioTech
8493	BioTech
10226	BioTech
7938	BioTech
7970	BioTech
8498	BioTech
6655	Generic
6656	Generic
2250	Generic
5888	Generic
6405	Generic
6469	Generic
6531	Generic
6903	Generic
7670	Generic
7671	Generic
8805	Generic
8806	Generic
9016	Generic
5150	Brand
5837	Generic
5838	Generic
6325	Generic
6326	Generic
6383	Generic
6384	Generic
6455	Generic
6456	Generic
7054	Generic
7483	Generic
7484	Generic
8487	Generic
8488	Generic
9202	Generic
9203	Generic
9210	Generic
10660	Generic
10661	Generic
10953	Generic
10954	Generic
9386	Generic
9477	Generic
9497	Brand
9498	Brand
10159	Generic
10328	Generic
10598	Generic
10687	Generic
10819	Generic
8499	Brand
9172	Brand
9173	Brand
9174	Brand
8338	Brand
10371	Brand
10372	Brand
9831	Brand
9832	Brand
5707	BioTech
9300	BioTech
2465	Generic
7495	Generic
10583	Brand
10545	Generic
9331	Brand
7586	BioTech
7638	BioTech
9152	Brand
9153	Brand
9175	Brand
9176	Brand
6318	Generic
6319	Generic
8731	Generic
8732	Generic
1646	Brand
5613	Brand
2806	Brand
2810	Brand
2811	Brand
5610	Brand
5611	Brand
10450	Generic
6863	Brand
10449	Generic
10988	Generic
5158	Generic
5704	Brand
5889	Generic
5974	Brand
6095	Generic
6969	Generic
8881	Generic
11016	Generic
7960	Brand
9626	Brand
10645	Brand
1356	Brand
5614	Generic
7650	Generic
8049	Generic
8445	Generic
8530	Generic
10916	Brand
11017	Generic
890	Brand
6236	Generic
6546	Generic
6977	Generic
7268	Generic
7306	Generic
7317	Generic
7694	Generic
8050	Generic
11013	Generic
11019	Generic
7440	Generic
7688	Generic
8979	Generic
10599	Generic
6231	Brand
6232	Brand
9365	Brand
10796	Generic
10966	Generic
10993	Generic
1097	BioTech
5343	BioTech
5344	BioTech
6304	BioTech
6305	BioTech
7964	BioTech
7965	BioTech
9984	BioTech
10355	BioTech
10356	BioTech
10776	BioTech
10777	BioTech
7966	BioTech
10448	BioTech
1099	BioTech
3426	BioTech
3447	BioTech
6335	BioTech
6468	BioTech
7150	BioTech
9002	BioTech
9003	BioTech
10084	BioTech
10088	BioTech
10723	BioTech
10724	BioTech
10867	BioTech
10868	BioTech
4093	BioTech
3400	BioTech
3401	BioTech
7276	Generic
9046	Generic
10638	Brand
9272	Generic
10288	Brand
7267	Brand
9917	BioTech
3906	Brand
3907	Brand
5090	Generic
7435	Generic
7644	Generic
10518	Brand
7348	Generic
9983	Brand
2156	Brand
2157	Brand
10499	Generic
10500	Generic
5116	Brand
5117	Brand
8289	BioTech
10731	BioTech
6201	BioTech
8460	BioTech
6306	Brand
9783	Generic
10373	Generic
7658	Brand
8892	Brand
10526	Brand
7849	Brand
11044	Generic
9000	Brand
9001	Brand
10540	Brand
10541	Brand
8398	BioTech
10627	BioTech
10628	BioTech
10276	BioTech
9549	BioTech
9407	Brand
9408	Brand
10629	Brand
10630	Brand
10631	Brand
10374	Brand
10677	BioTech
9755	BioTech
9756	BioTech
9757	BioTech
10377	BioTech
10397	BioTech
10398	BioTech
10399	BioTech
10410	BioTech
4028	BioTech
9859	BioTech
10266	BioTech
9597	BioTech
9598	BioTech
9616	BioTech
9617	BioTech
9618	BioTech
9748	BioTech
9749	BioTech
10085	BioTech
6769	BioTech
10281	BioTech
10282	BioTech
7533	BioTech
7323	BioTech
8788	BioTech
9150	BioTech
5900	BioTech
5901	BioTech
5902	BioTech
8202	BioTech
8441	BioTech
10632	BioTech
8944	BioTech
9550	BioTech
10625	BioTech
10195	BioTech
845	Brand
867	Brand
868	Brand
869	Brand
870	Brand
7117	Generic
7118	Generic
7119	Generic
7639	Brand
7640	Brand
7641	Brand
7642	Brand
8194	Brand
8195	Brand
8196	Brand
9805	Brand
9806	Brand
9807	Brand
7506	Brand
7404	Generic
5596	Generic
5598	Generic
5599	Generic
8062	Generic
8063	Generic
8064	Generic
8065	Generic
8066	Generic
8605	Generic
8606	Generic
8607	Generic
6055	Brand
6056	Brand
6057	Brand
6058	Brand
10182	Generic
10183	Generic
10184	Generic
10185	Generic
10725	Generic
10726	Generic
10727	Generic
10997	Generic
10998	Generic
10999	Generic
11000	Generic
11052	Generic
11053	Generic
11054	Generic
11055	Generic
11033	Generic
10299	Brand
10300	Brand
10301	Brand
10302	Brand
7994	Brand
7995	Brand
10729	Brand
10730	Brand
4305	Brand
4306	Brand
4602	Generic
4603	Generic
57	Generic
59	Generic
530	Generic
767	Brand
796	Generic
797	Generic
798	Generic
1277	Generic
1278	Generic
1402	Generic
1497	Generic
1812	Generic
1822	Generic
1823	Generic
3486	Generic
3984	Generic
3993	Brand
4402	Generic
4595	Generic
5180	Generic
6320	Generic
6586	Brand
6587	Brand
6588	Brand
6591	Brand
6592	Brand
6593	Brand
6594	Brand
6600	Brand
6638	Brand
7594	Generic
7595	Generic
7664	Generic
7665	Generic
7745	Generic
7788	Generic
7789	Generic
8069	Generic
8610	Generic
8707	Generic
9288	Generic
9439	Generic
9479	Generic
9889	Generic
10091	Generic
10172	Generic
10173	Generic
10423	Generic
10846	Generic
1837	Generic
1839	Generic
1735	Generic
1736	Generic
10260	Generic
482	Brand
5065	Generic
9263	Generic
9436	Generic
4698	Brand
5216	Generic
5325	Generic
6300	Brand
7624	Generic
7659	Generic
8236	Brand
8237	Brand
9354	Generic
9416	Generic
10859	Generic
1177	Brand
2429	Brand
4458	Generic
4662	Generic
8726	Brand
7535	Generic
9544	Generic
2344	Brand
2345	Brand
3986	Generic
6313	Generic
6314	Generic
7668	Generic
9627	Generic
9628	Generic
7706	Generic
1564	Brand
1591	Brand
3435	Generic
3747	Generic
4456	Generic
4597	Generic
5734	Brand
5735	Brand
5787	Brand
5914	Brand
6310	Generic
6745	Generic
7328	Brand
7748	Generic
9523	Brand
9527	Generic
9914	Brand
9915	Brand
10006	Generic
10040	Generic
10294	Generic
10295	Generic
10338	Brand
10889	Brand
10891	Brand
10892	Brand
10914	Brand
11031	Generic
1137	Generic
7919	Brand
7920	Brand
9823	Generic
10193	Generic
2581	Brand
3086	Brand
4241	Generic
4341	Generic
6248	Brand
6252	Brand
9216	Generic
10073	Generic
3651	Brand
6768	Brand
8508	Brand
10662	Generic
1543	Generic
1575	Brand
7345	Generic
7417	Generic
8812	Brand
9442	Generic
10010	Generic
10376	Generic
10887	Brand
10890	Brand
4240	Generic
1134	Generic
3596	Generic
6663	Generic
8222	Brand
7176	Generic
7246	Generic
8433	Generic
8463	Generic
8464	Generic
8526	Generic
9485	Brand
10427	Generic
10311	Brand
6064	Brand
6065	Brand
6066	Brand
7872	Brand
9097	Generic
9098	Generic
9099	Generic
9281	Generic
9282	Generic
9283	Generic
9682	Generic
9683	Generic
9684	Generic
9742	Generic
9743	Generic
9744	Generic
10015	Generic
10024	Generic
10025	Generic
10070	Generic
10117	Generic
10118	Generic
10213	Generic
10214	Generic
10215	Generic
10348	Generic
10480	Generic
10503	Brand
10504	Brand
10505	Brand
10506	Brand
10666	Generic
10667	Generic
10668	Generic
9960	Brand
5418	Brand
5419	Brand
8649	Brand
571	Brand
10004	Generic
10005	Generic
4661	Generic
3683	Brand
8314	Generic
8742	Brand
1542	Generic
6483	Generic
765	Brand
1403	Generic
1725	Generic
1832	Generic
8068	Generic
8461	Generic
9638	Generic
10200	Brand
10201	Brand
6054	Brand
8869	Brand
9839	Brand
9841	Brand
1151	Brand
6118	Generic
6119	Generic
9776	Brand
2869	Brand
7400	Generic
10828	Generic
9489	Brand
9592	Generic
9766	Generic
363	BioTech
3626	BioTech
6645	BioTech
7646	BioTech
7956	BioTech
7957	BioTech
8673	BioTech
8674	BioTech
8822	Brand
10800	Generic
7738	Generic
10156	Generic
10321	Generic
4639	Generic
6623	Generic
7152	Generic
4652	Generic
4653	Generic
7602	Generic
8573	Brand
7305	Brand
6595	Brand
6596	Brand
10080	Generic
10081	Generic
10239	Generic
10240	Generic
10241	Generic
10242	Generic
6675	Brand
6676	Brand
5683	Brand
9148	Brand
974	Generic
975	Generic
4725	Generic
9040	Brand
9041	Brand
6756	Brand
6758	Brand
9460	Generic
9461	Generic
9590	Brand
9602	Brand
10098	Generic
10099	Generic
10163	Brand
10678	Generic
10679	Generic
10680	Generic
10690	Generic
10691	Generic
10923	Generic
10924	Generic
8366	Generic
8692	Brand
10793	Generic
6661	Generic
4453	Generic
5253	Generic
5462	Brand
5542	Generic
8214	Generic
8215	Generic
8216	Generic
8217	Generic
9857	Generic
10079	Brand
6549	Generic
9970	Brand
9971	Brand
9972	Brand
10157	Generic
5791	Generic
7163	Generic
7194	Generic
7576	Generic
8173	Generic
8174	Generic
8175	Generic
8785	Generic
9008	Generic
3999	Brand
4043	Brand
5894	Generic
6982	Generic
7419	Generic
7990	Generic
8015	Generic
8478	Generic
8527	Generic
8925	Generic
9033	Generic
9635	Generic
9818	Generic
10825	Generic
5776	Brand
9768	Generic
1872	Brand
8921	BioTech
9731	BioTech
10622	BioTech
2700	Generic
2731	Generic
554	Brand
5237	Generic
5671	Generic
10485	Brand
5238	Generic
7976	Generic
9577	Brand
9996	Generic
3528	Generic
5048	Generic
8856	Generic
8857	Generic
8865	Generic
8922	Generic
5962	Generic
5963	Generic
8101	Generic
8102	Generic
9422	Brand
9423	Brand
10225	Generic
8641	Generic
2611	Generic
3940	Generic
6535	Brand
6536	Brand
6812	Generic
7405	Brand
10108	Generic
10921	Generic
4020	Generic
4021	Generic
4022	Generic
6425	Generic
7000	Generic
9509	Generic
9510	Generic
9834	Generic
9835	Generic
10755	Generic
10937	Generic
2735	Generic
2736	Generic
7187	Generic
7742	Generic
8252	Generic
8661	Generic
8662	Generic
8663	Generic
9622	Generic
9623	Generic
9695	Generic
9880	Generic
3863	Brand
8743	Generic
9689	Generic
7101	Generic
10152	Generic
10275	Generic
7026	Generic
3472	Brand
7645	Generic
7743	Generic
9856	Brand
557	Brand
7500	Generic
9227	Brand
10008	Generic
10940	Generic
2280	Generic
2827	Generic
3632	Brand
3633	Brand
3634	Brand
3635	Brand
9389	Generic
7941	Brand
7942	Brand
7943	Brand
8107	Brand
8534	Brand
8535	Brand
4545	Brand
2978	Generic
9205	Generic
5521	Brand
5661	Brand
5662	Brand
9058	Generic
9059	Generic
10001	Brand
10002	Brand
5047	Generic
197	Brand
6484	Generic
7911	Generic
10400	Brand
10858	Generic
10896	Generic
6374	Generic
6886	Generic
7913	Brand
9698	Generic
10038	Brand
572	Generic
5043	Generic
7918	Brand
7949	Brand
7950	Brand
7951	Brand
8011	Brand
8013	Brand
10019	Generic
10912	Generic
2085	Generic
7635	Brand
7709	Brand
10857	Generic
196	Brand
1341	Generic
1770	Brand
1772	Brand
3371	Generic
3434	Generic
3436	Generic
3740	Generic
4455	Generic
4535	Generic
4536	Generic
4537	Generic
4616	Generic
4617	Generic
4629	Generic
4630	Generic
5768	Generic
5769	Generic
5905	Generic
6347	Brand
6394	Brand
6395	Brand
6396	Brand
6636	Generic
6637	Generic
7307	Generic
7434	Brand
7614	Generic
8092	Generic
8372	Generic
8651	Brand
8655	Brand
8658	Generic
8659	Generic
9105	Generic
9369	Generic
9482	Generic
9570	Generic
9887	Generic
9888	Generic
9906	Brand
9941	Brand
9945	Brand
9946	Brand
9947	Brand
9948	Brand
9976	Brand
9977	Brand
9978	Brand
9979	Brand
9980	Brand
9981	Brand
10126	Brand
10127	Brand
10197	Generic
10198	Generic
10269	Brand
10401	Brand
10441	Generic
10556	Generic
10669	Generic
10750	Generic
10754	Generic
10797	Generic
1157	Brand
1342	Generic
1343	Generic
1709	Generic
1710	Generic
4438	Generic
4572	Generic
7180	Brand
7415	Brand
7611	Generic
8653	Brand
8654	Brand
8685	Generic
8711	Generic
9942	Brand
9943	Brand
10270	Brand
10304	Brand
10305	Generic
10438	Brand
10544	Generic
10869	Generic
4624	Generic
6060	Brand
9691	Generic
10748	Brand
9703	Brand
9704	Brand
7728	Generic
9271	Generic
319	Brand
9542	Generic
9923	Brand
10527	Generic
10492	Brand
10493	Brand
9833	BioTech
10428	BioTech
9922	BioTech
10312	BioTech
9492	Generic
10046	Brand
52	Generic
103	Brand
9315	Generic
9529	Generic
10676	Generic
10802	Generic
1559	Brand
3658	Brand
49	Generic
531	Generic
983	Generic
6597	Brand
6598	Brand
6615	Brand
6953	Brand
6677	Brand
6678	Brand
6679	Brand
6680	Brand
10119	Brand
53	Generic
54	Generic
528	Generic
529	Generic
2977	Brand
2979	Brand
2980	Brand
2985	Brand
2986	Brand
2987	Brand
8138	Generic
8159	Generic
9126	Generic
3265	Brand
4433	Generic
5825	Generic
5826	Generic
5827	Generic
5942	Brand
6099	Generic
6526	Brand
6527	Brand
6528	Brand
6858	Generic
7001	Generic
7269	Generic
7270	Generic
8764	Generic
8765	Generic
8766	Generic
9810	Generic
10538	Generic
10539	Generic
5177	Generic
6271	Generic
6272	Generic
6359	Generic
7010	Generic
7011	Generic
7058	Generic
7059	Generic
7060	Generic
7061	Generic
8484	Generic
10455	Brand
10456	Brand
10509	Brand
6241	Generic
6242	Generic
6311	Generic
6312	Generic
6324	Generic
6327	Generic
6569	Generic
6570	Generic
6620	Generic
6621	Generic
6622	Generic
6635	Generic
6689	Generic
8704	Generic
8705	Generic
9798	Generic
9799	Generic
6721	Generic
6722	Generic
6887	Generic
6919	Generic
7350	Generic
7372	Generic
8481	Generic
8482	Generic
8483	Generic
8561	Generic
8562	Generic
8809	Generic
8810	Generic
8811	Generic
9519	Generic
9520	Generic
9634	Generic
9822	Generic
10148	Generic
10535	Brand
10536	Brand
10537	Brand
10790	Generic
5364	Generic
5365	Generic
5387	Generic
5537	Generic
5538	Generic
5896	Generic
6007	Brand
6008	Brand
6164	Generic
6879	Generic
6880	Generic
7346	Generic
7732	Generic
7857	Generic
7858	Generic
7928	Generic
7929	Generic
8223	Brand
8388	Generic
8389	Generic
8390	Generic
8738	Generic
8882	Generic
8883	Generic
9296	Generic
9297	Generic
9298	Generic
9612	Generic
9613	Generic
9614	Generic
9615	Generic
9663	Generic
9664	Generic
7469	Brand
7470	Brand
7471	Brand
7472	Brand
7707	Brand
7708	Brand
10847	Generic
10848	Generic
10849	Generic
8347	Brand
8348	Brand
8349	Brand
8350	Brand
8351	Brand
8352	Brand
9845	Brand
9846	Brand
9847	Brand
9848	Brand
4376	Generic
1494	Brand
4337	Brand
7228	Brand
10788	Generic
10789	Generic
9122	Generic
9123	Generic
9124	Generic
10532	Brand
10533	Brand
10534	Brand
1167	Brand
4552	Brand
2365	Brand
2366	Brand
5806	Brand
5807	Brand
5808	Brand
9242	Generic
10978	Generic
9450	Brand
9451	Brand
9452	Brand
9453	Brand
9767	Generic
10330	Generic
10331	Generic
2281	Generic
4581	Generic
4418	Generic
4457	Generic
2566	Brand
2570	Brand
4424	Generic
4425	Generic
4427	Generic
4428	Generic
9871	Brand
9872	Brand
9913	Brand
9639	Brand
9640	Brand
9641	Brand
1253	Brand
1255	Brand
8783	Brand
5306	Generic
7689	Generic
9854	Brand
9855	Brand
5274	Brand
5335	Brand
5548	Generic
5549	Generic
5784	Generic
5785	Generic
6294	Brand
6295	Brand
6934	Generic
6935	Generic
7014	Generic
7015	Generic
7362	Generic
7363	Generic
7394	Generic
7395	Generic
7680	Generic
8830	Generic
8831	Generic
8998	Generic
8999	Generic
9279	Generic
9280	Generic
9515	Generic
9516	Generic
9541	Generic
1580	Brand
1581	Brand
5795	Brand
5797	Brand
7855	Generic
7856	Generic
7982	Generic
8242	Generic
8243	Generic
8244	Generic
8245	Generic
8382	Generic
8383	Generic
8384	Generic
8385	Generic
8386	Generic
8387	Generic
8515	Generic
8516	Generic
8517	Generic
10686	Generic
10702	Generic
10703	Generic
10706	Generic
3077	Brand
7585	Brand
8575	Generic
10900	Generic
2650	Brand
2669	Brand
4070	Brand
4071	Brand
4398	Generic
4399	Generic
5040	Generic
5042	Generic
5520	Generic
5522	Generic
5523	Generic
5524	Generic
5802	Generic
5958	Generic
6103	Generic
6104	Generic
6105	Generic
7035	Generic
7036	Generic
7352	Generic
7353	Generic
7354	Generic
7355	Generic
7356	Generic
7357	Generic
7429	Generic
8260	Generic
8261	Generic
8262	Generic
8263	Generic
8264	Generic
9879	Brand
10521	Brand
10522	Brand
10523	Brand
7647	Generic
7648	Generic
9325	Brand
9648	Generic
9649	Generic
9650	Generic
9651	Generic
10430	Generic
10698	Generic
10699	Generic
10906	Generic
10907	Generic
6797	Brand
6798	Brand
6799	Brand
6800	Brand
8894	Brand
8895	Brand
8896	Brand
8897	Brand
9162	Brand
9163	Brand
9164	Brand
10840	Generic
10841	Generic
10842	Generic
10843	Generic
10431	Brand
10432	Brand
10433	Brand
10434	Brand
1629	Brand
2427	Generic
9494	Generic
4623	Generic
4435	Generic
4436	Generic
4364	Generic
10609	Brand
10610	Brand
10947	Generic
2350	Generic
4239	Generic
4322	Generic
4332	Generic
8094	Generic
8095	Generic
8793	Brand
10105	Generic
7003	Brand
570	Generic
3909	Generic
6850	Generic
6995	Generic
8587	Generic
8863	Generic
8864	Generic
10675	Generic
3079	Brand
10844	Brand
5416	Generic
5417	Generic
8106	Generic
8345	Generic
8346	Generic
3376	Brand
10021	Generic
10022	Generic
10023	Generic
10919	Generic
4401	Generic
4565	Brand
4566	Brand
6589	Brand
6590	Brand
6616	Brand
4242	Brand
4243	Brand
4404	Generic
4406	Generic
4516	Brand
4517	Brand
4519	Brand
1531	Generic
1857	Generic
3949	Generic
4262	Generic
4464	Generic
5275	Brand
1256	Brand
6389	Generic
6895	Generic
5223	Generic
6001	Generic
6003	Generic
6538	Generic
6606	Brand
6607	Brand
6608	Brand
6884	Generic
6885	Generic
7488	Generic
7853	Generic
4355	Generic
5289	Generic
5336	Generic
5464	Generic
5672	Generic
5968	Generic
7371	Generic
8377	Generic
9355	Generic
10319	Brand
11023	Generic
11024	Generic
3180	Brand
1248	Brand
5155	Brand
5623	Generic
5823	Generic
6258	Generic
6358	Generic
7027	Generic
7028	Generic
7029	Generic
7223	Generic
7224	Generic
7225	Generic
7512	Generic
7513	Generic
7609	Generic
8468	Generic
8469	Generic
8470	Generic
8471	Generic
8753	Generic
8754	Generic
10811	Generic
10812	Generic
10813	Generic
3047	Brand
8556	Generic
5088	Generic
5089	Generic
5248	Generic
5877	Generic
8299	Generic
8300	Generic
8823	Brand
8824	Brand
8827	Generic
8828	Generic
8829	Generic
10593	Generic
10594	Generic
7790	Generic
7791	Generic
8342	Generic
8343	Generic
8888	Generic
8889	Generic
9093	Generic
9094	Generic
9499	Generic
9500	Generic
5996	Brand
7996	Brand
7997	Brand
7998	Brand
10524	Brand
885	Brand
6486	Brand
6487	Brand
6488	Brand
6489	Brand
10465	Brand
10466	Brand
10467	Brand
10468	Brand
9007	Generic
3887	Brand
3888	Brand
3889	Brand
3890	Brand
3891	Brand
7514	Generic
7515	Generic
7516	Generic
7517	Generic
7518	Generic
10855	Generic
6197	Brand
8165	Brand
10618	Brand
10933	Generic
7559	Generic
7878	Brand
9201	Generic
6088	Generic
6089	Generic
7360	Generic
7361	Generic
8096	Generic
8177	Generic
8466	Generic
8467	Generic
8960	Brand
8961	Brand
10419	Generic
10420	Generic
11015	Generic
11018	Generic
5710	Brand
5711	Brand
8491	Brand
8949	Generic
8950	Generic
8951	Generic
10416	Generic
10417	Generic
10418	Generic
11028	Generic
11029	Generic
1241	Brand
5801	Brand
7121	Generic
8419	Generic
8420	Generic
8628	Generic
8796	Generic
8797	Generic
9284	Generic
9285	Generic
2855	Generic
8578	Generic
8459	Brand
9908	Brand
9909	Brand
9362	Generic
5688	Generic
5689	Generic
5690	Generic
10716	Brand
10717	Brand
10718	Brand
10719	Brand
10720	Brand
10721	Brand
10722	Brand
9553	Generic
9554	Generic
9699	Generic
4374	Generic
4721	Generic
4722	Generic
5174	Generic
5175	Generic
5476	Generic
5969	Generic
6387	Generic
7792	Generic
10531	Brand
2476	Brand
4389	Generic
4582	Generic
10460	Brand
2349	Generic
4095	Generic
4097	Generic
3340	Brand
7078	Brand
10227	Brand
958	Generic
1191	Generic
1685	Generic
1686	Generic
1746	Brand
1747	Brand
2661	Generic
3483	Generic
4345	Generic
4611	Generic
4619	Generic
5833	Generic
6713	Generic
8402	Generic
9575	Generic
5220	Generic
7289	Generic
10375	Generic
9406	Brand
9873	Brand
9874	Brand
1350	Generic
1351	Generic
6434	Brand
4569	Generic
4620	Generic
10447	Generic
10514	Generic
10515	Generic
4554	Generic
4633	Generic
4454	Generic
4598	Generic
4599	Generic
10056	Generic
4377	Generic
4547	Generic
8443	Generic
1194	Generic
10067	Brand
10068	Brand
10069	Brand
10123	Brand
10291	Generic
10651	Brand
6726	Generic
8975	Brand
8976	Brand
8978	Brand
10153	Generic
10203	Brand
10894	Brand
5915	Brand
6946	Generic
7877	Brand
624	Brand
3490	Generic
6825	Generic
10893	Brand
5624	Generic
6763	Generic
6834	Generic
7806	Generic
8362	Generic
9600	Brand
1781	Brand
5234	Generic
5980	Brand
6975	Generic
4607	Generic
9531	Generic
5879	Brand
9419	Generic
10252	Generic
4270	Brand
1210	Brand
1211	Brand
2576	Generic
8144	Generic
8920	Generic
9360	Brand
9361	Brand
7744	Generic
3607	Brand
8756	Brand
2630	Brand
2634	Brand
3847	Generic
7142	Generic
519	Brand
603	Brand
1383	Generic
1384	Generic
3994	Generic
4354	Generic
4660	Generic
5949	Generic
9019	Generic
9842	Brand
889	Brand
3393	Brand
6249	Generic
5891	Brand
5356	Generic
5357	Generic
5358	Generic
6123	Generic
6124	Generic
6125	Generic
6126	Generic
6127	Generic
8394	Brand
8395	Brand
8396	Brand
9246	Generic
9247	Generic
9248	Generic
10803	Brand
10804	Brand
10805	Brand
10898	Generic
1595	Brand
5250	Brand
5984	Brand
6157	Generic
6073	Brand
10115	Brand
7907	Brand
7908	Brand
7446	Generic
7447	Generic
8147	Brand
8148	Brand
8149	Brand
9667	Brand
9668	Brand
6474	Generic
7445	Generic
2227	Brand
5481	Generic
6097	Generic
8435	Brand
10145	Brand
7989	Brand
8543	Brand
1179	Brand
10897	Generic
3621	Brand
5121	Brand
6158	Generic
6217	Generic
8782	Generic
8800	Generic
9238	Generic
9239	Generic
10162	Generic
637	Brand
638	Brand
639	Brand
5359	Generic
5360	Generic
5361	Generic
10107	Brand
10179	Brand
10180	Brand
5924	Generic
5925	Generic
9701	Generic
9702	Brand
1878	Brand
1879	Brand
2226	Brand
6120	Generic
8374	Generic
2370	Brand
5625	Generic
5630	Brand
9245	Generic
7534	Brand
10862	Brand
6080	Generic
4563	Generic
4636	Generic
2127	Generic
4416	Generic
4583	Generic
4593	Generic
7730	Generic
7731	Generic
4350	Generic
4351	Generic
4333	Brand
4638	Generic
1057	Brand
1058	Brand
4082	Brand
5161	Generic
5970	Generic
5971	Generic
6243	Generic
6293	Generic
6940	Generic
6941	Generic
6942	Generic
6991	Generic
6992	Generic
7047	Generic
7486	Generic
7487	Generic
7770	Generic
7771	Generic
7772	Generic
7864	Generic
8407	Brand
5194	BioTech
10817	BioTech
10818	BioTech
9547	Brand
10144	Brand
10762	Brand
3832	Brand
10424	Generic
10643	Generic
10768	Generic
4541	Generic
4628	Generic
9537	Generic
7393	Generic
2652	Brand
253	Brand
7940	Brand
8424	Generic
8847	Brand
8952	Brand
9183	Brand
9358	Brand
9454	Generic
9505	Generic
9860	Generic
10648	Generic
10649	Generic
2288	Brand
5143	Generic
5912	Brand
5913	Brand
9204	Generic
10060	Generic
4380	Generic
3069	Brand
4649	Generic
4650	Generic
5580	Brand
1239	Generic
1240	Generic
3491	Generic
5859	Generic
7530	Generic
9391	Brand
9739	Brand
9740	Brand
9741	Brand
10582	Brand
10013	Generic
6048	BioTech
4290	Brand
4295	Brand
7285	Generic
10681	Generic
4370	Generic
6835	Generic
7909	Generic
10124	Brand
10125	Brand
9624	Generic
2289	Brand
3774	Brand
3775	Brand
10296	Generic
2543	Generic
3070	Brand
3592	Generic
4086	Generic
4293	Brand
4294	Brand
4296	Brand
4379	Generic
4395	Generic
4396	Generic
4564	Generic
4587	Generic
4651	Generic
5021	Generic
5781	Brand
7817	Brand
8708	Generic
8709	Generic
9989	Brand
9990	Brand
9991	Brand
9992	Brand
10138	Generic
10753	Generic
9685	Generic
1352	Generic
4540	Generic
5241	Generic
6762	Generic
10865	Generic
8748	Generic
4429	Generic
9927	Generic
4589	Generic
6113	Brand
6691	Brand
3038	Generic
4463	Generic
4622	Generic
5390	Brand
10058	Brand
2521	Generic
4586	Generic
1852	Generic
3853	Generic
3854	Generic
4387	Generic
4388	Generic
6013	Generic
8284	Generic
8633	Brand
8634	Brand
8635	Brand
7221	Generic
7222	Generic
8657	Generic
8833	Brand
10792	Generic
4288	Brand
5647	Generic
5648	Generic
6841	Generic
7922	Generic
8404	Brand
9196	Generic
9535	Generic
10055	Generic
10742	Generic
11036	Generic
11037	Generic
11038	Generic
4331	Brand
803	Generic
804	Generic
1141	Generic
1490	Generic
1491	Generic
3570	Generic
3959	Generic
3960	Generic
5691	Generic
8405	Brand
8406	Brand
9657	Brand
484	Brand
10176	Generic
5292	Generic
5988	Generic
6077	Generic
6078	Generic
6700	Generic
8637	Brand
8638	Brand
10169	Generic
10170	Generic
10171	Generic
5159	Generic
5182	Brand
5519	Generic
6237	Generic
6388	Generic
6986	Generic
7304	Generic
7437	Generic
7509	Brand
7562	Generic
8060	Generic
8329	Generic
9746	Generic
9747	Generic
10743	Generic
10744	Generic
10901	Generic
9532	Generic
7257	Brand
9940	Brand
7502	Generic
8456	Brand
8457	Brand
4061	Brand
4524	Generic
4635	Generic
7662	Generic
10801	Generic
8323	Brand
10220	Generic
7839	Brand
8957	Brand
6692	Generic
7057	Brand
3382	Brand
3963	Generic
7932	Generic
9918	Generic
10059	Generic
11032	Generic
9660	Brand
5240	Generic
9723	Generic
9829	Generic
8927	Brand
6694	Generic
6993	Brand
369	Brand
5363	Brand
8887	Brand
9764	Brand
2451	Brand
7527	Generic
10332	Brand
9726	Brand
5886	Brand
3525	Generic
6360	Brand
6752	Generic
8363	Generic
9344	Brand
9345	Brand
3962	Generic
4098	Brand
7153	Generic
10089	Generic
10831	Brand
3733	Brand
10016	Generic
973	Generic
8913	Brand
10972	Generic
9661	Brand
9725	Brand
9619	Brand
9770	Brand
579	Brand
3961	Generic
4100	Brand
5103	Brand
8915	Brand
9658	Brand
9820	Generic
10061	Generic
10942	Generic
1292	Brand
9797	Generic
10542	Generic
6187	Brand
9724	Brand
8914	Generic
10832	Brand
7933	Generic
3054	Brand
7959	Generic
9050	Generic
10014	Generic
3074	Brand
2520	Brand
7987	Brand
6674	Generic
8502	Generic
8672	Generic
10510	Generic
10911	Generic
9621	Brand
9662	Brand
9677	Generic
7555	Brand
5199	Generic
5209	BioTech
7420	BioTech
10436	BioTech
10261	Brand
3247	Brand
10856	Generic
3780	Generic
9182	Brand
4451	Generic
4245	Brand
6754	Generic
4513	Brand
4297	Brand
5045	Generic
2382	Generic
8528	Generic
9607	Generic
8059	Generic
2277	Brand
168	Brand
5725	Brand
6753	Generic
4631	Generic
4612	Generic
3790	Brand
3791	Brand
3792	Brand
3793	Brand
3794	Brand
3795	Brand
5860	Brand
5861	Brand
10601	Brand
10602	Brand
10603	Brand
10604	Brand
966	Brand
9020	Generic
9021	Generic
8155	Brand
8853	BioTech
9169	Brand
9170	Brand
9313	Generic
9314	Generic
9511	Generic
10710	Generic
1161	Brand
1162	Brand
7234	Generic
9368	Generic
10915	Generic
7265	Brand
7310	Generic
7921	Brand
8183	Generic
9413	Brand
9782	Generic
10092	Generic
7251	Brand
7252	Brand
10979	Brand
10980	Brand
7596	Generic
518	Brand
2241	Generic
8503	Generic
8504	Generic
6192	Brand
6532	Brand
6533	Brand
6534	Brand
274	Generic
275	Generic
276	Generic
2491	Generic
2492	Generic
4227	Generic
4229	Generic
4231	Generic
4235	Generic
4237	Generic
4238	Generic
6364	Generic
7185	Generic
9038	Generic
10771	Generic